,equity
2025-04-18 00:00:00+00:00,10000.0
2025-04-18 04:00:00+00:00,10000.0
2025-04-18 08:00:00+00:00,10000.0
2025-04-18 12:00:00+00:00,10000.0
2025-04-18 16:00:00+00:00,10000.0
2025-04-18 20:00:00+00:00,10000.0
2025-04-19 00:00:00+00:00,10000.0
2025-04-19 04:00:00+00:00,10000.0
2025-04-19 08:00:00+00:00,10000.0
2025-04-19 12:00:00+00:00,10000.0
2025-04-19 16:00:00+00:00,10000.0
2025-04-19 20:00:00+00:00,10000.0
2025-04-20 00:00:00+00:00,10000.0
2025-04-20 04:00:00+00:00,10000.0
2025-04-20 08:00:00+00:00,10000.0
2025-04-20 12:00:00+00:00,10000.0
2025-04-20 16:00:00+00:00,10000.0
2025-04-20 20:00:00+00:00,10000.0
2025-04-21 00:00:00+00:00,9995.252373813093
2025-04-21 04:00:00+00:00,10020.210664879918
2025-04-21 08:00:00+00:00,9969.812817383232
2025-04-21 12:00:00+00:00,10086.631817993017
2025-04-21 16:00:00+00:00,9908.852080973487
2025-04-21 20:00:00+00:00,9908.852080973487
2025-04-22 00:00:00+00:00,9908.852080973487
2025-04-22 04:00:00+00:00,9908.852080973487
2025-04-22 08:00:00+00:00,9908.852080973487
2025-04-22 12:00:00+00:00,9908.852080973487
2025-04-22 16:00:00+00:00,9908.852080973487
2025-04-22 20:00:00+00:00,9908.852080973487
2025-04-23 00:00:00+00:00,9908.852080973487
2025-04-23 04:00:00+00:00,9908.852080973487
2025-04-23 08:00:00+00:00,9908.852080973487
2025-04-23 12:00:00+00:00,9908.852080973487
2025-04-23 16:00:00+00:00,9908.852080973487
2025-04-23 20:00:00+00:00,9908.852080973487
2025-04-24 00:00:00+00:00,9908.852080973487
2025-04-24 04:00:00+00:00,9908.852080973487
2025-04-24 08:00:00+00:00,9908.852080973487
2025-04-24 12:00:00+00:00,9908.852080973487
2025-04-24 16:00:00+00:00,9908.852080973487
2025-04-24 20:00:00+00:00,9908.852080973487
2025-04-25 00:00:00+00:00,9908.852080973487
2025-04-25 04:00:00+00:00,9908.852080973487
2025-04-25 08:00:00+00:00,9908.852080973487
2025-04-25 12:00:00+00:00,9908.852080973487
2025-04-25 16:00:00+00:00,9908.852080973487
2025-04-25 20:00:00+00:00,9908.852080973487
2025-04-26 00:00:00+00:00,9908.852080973487
2025-04-26 04:00:00+00:00,9908.852080973487
2025-04-26 08:00:00+00:00,9908.852080973487
2025-04-26 12:00:00+00:00,9908.852080973487
2025-04-26 16:00:00+00:00,9908.852080973487
2025-04-26 20:00:00+00:00,9908.852080973487
2025-04-27 00:00:00+00:00,9908.852080973487
2025-04-27 04:00:00+00:00,9908.852080973487
2025-04-27 08:00:00+00:00,9908.852080973487
2025-04-27 12:00:00+00:00,9908.852080973487
2025-04-27 16:00:00+00:00,9908.852080973487
2025-04-27 20:00:00+00:00,9908.852080973487
2025-04-28 00:00:00+00:00,9908.852080973487
2025-04-28 04:00:00+00:00,9908.852080973487
2025-04-28 08:00:00+00:00,9908.852080973487
2025-04-28 12:00:00+00:00,9908.852080973487
2025-04-28 16:00:00+00:00,9908.852080973487
2025-04-28 20:00:00+00:00,9908.852080973487
2025-04-29 00:00:00+00:00,9908.852080973487
2025-04-29 04:00:00+00:00,9908.852080973487
2025-04-29 08:00:00+00:00,9908.852080973487
2025-04-29 12:00:00+00:00,9908.852080973487
2025-04-29 16:00:00+00:00,9908.852080973487
2025-04-29 20:00:00+00:00,9908.852080973487
2025-04-30 00:00:00+00:00,9908.852080973487
2025-04-30 04:00:00+00:00,9908.852080973487
2025-04-30 08:00:00+00:00,9908.852080973487
2025-04-30 12:00:00+00:00,9908.852080973487
2025-04-30 16:00:00+00:00,9908.852080973487
2025-04-30 20:00:00+00:00,9908.852080973487
2025-05-01 00:00:00+00:00,9908.852080973487
2025-05-01 04:00:00+00:00,9908.852080973487
2025-05-01 08:00:00+00:00,9908.852080973487
2025-05-01 12:00:00+00:00,9908.852080973487
2025-05-01 16:00:00+00:00,9908.852080973487
2025-05-01 20:00:00+00:00,9908.852080973487
2025-05-02 00:00:00+00:00,9908.852080973487
2025-05-02 04:00:00+00:00,9908.852080973487
2025-05-02 08:00:00+00:00,9908.852080973487
2025-05-02 12:00:00+00:00,9908.852080973487
2025-05-02 16:00:00+00:00,9908.852080973487
2025-05-02 20:00:00+00:00,9908.852080973487
2025-05-03 00:00:00+00:00,9908.852080973487
2025-05-03 04:00:00+00:00,9908.852080973487
2025-05-03 08:00:00+00:00,9908.852080973487
2025-05-03 12:00:00+00:00,9908.852080973487
2025-05-03 16:00:00+00:00,9908.852080973487
2025-05-03 20:00:00+00:00,9908.852080973487
2025-05-04 00:00:00+00:00,9908.852080973487
2025-05-04 04:00:00+00:00,9908.852080973487
2025-05-04 08:00:00+00:00,9908.852080973487
2025-05-04 12:00:00+00:00,9908.852080973487
2025-05-04 16:00:00+00:00,9908.852080973487
2025-05-04 20:00:00+00:00,9908.852080973487
2025-05-05 00:00:00+00:00,9908.852080973487
2025-05-05 04:00:00+00:00,9908.852080973487
2025-05-05 08:00:00+00:00,9908.852080973487
2025-05-05 12:00:00+00:00,9908.852080973487
2025-05-05 16:00:00+00:00,9908.852080973487
2025-05-05 20:00:00+00:00,9908.852080973487
2025-05-06 00:00:00+00:00,9908.852080973487
2025-05-06 04:00:00+00:00,9908.852080973487
2025-05-06 08:00:00+00:00,9908.852080973487
2025-05-06 12:00:00+00:00,9908.852080973487
2025-05-06 16:00:00+00:00,9908.852080973487
2025-05-06 20:00:00+00:00,9908.852080973487
2025-05-07 00:00:00+00:00,9908.852080973487
2025-05-07 04:00:00+00:00,9908.852080973487
2025-05-07 08:00:00+00:00,9908.852080973487
2025-05-07 12:00:00+00:00,9908.852080973487
2025-05-07 16:00:00+00:00,9908.852080973487
2025-05-07 20:00:00+00:00,9908.852080973487
2025-05-08 00:00:00+00:00,9908.852080973487
2025-05-08 04:00:00+00:00,9908.852080973487
2025-05-08 08:00:00+00:00,9908.852080973487
2025-05-08 12:00:00+00:00,9908.852080973487
2025-05-08 16:00:00+00:00,9908.852080973487
2025-05-08 20:00:00+00:00,9908.852080973487
2025-05-09 00:00:00+00:00,9908.852080973487
2025-05-09 04:00:00+00:00,9908.852080973487
2025-05-09 08:00:00+00:00,9908.852080973487
2025-05-09 12:00:00+00:00,9908.852080973487
2025-05-09 16:00:00+00:00,9908.852080973487
2025-05-09 20:00:00+00:00,9908.852080973487
2025-05-10 00:00:00+00:00,9908.852080973487
2025-05-10 04:00:00+00:00,9908.852080973487
2025-05-10 08:00:00+00:00,9908.852080973487
2025-05-10 12:00:00+00:00,9908.852080973487
2025-05-10 16:00:00+00:00,9908.852080973487
2025-05-10 20:00:00+00:00,9908.852080973487
2025-05-11 00:00:00+00:00,9908.852080973487
2025-05-11 04:00:00+00:00,9908.852080973487
2025-05-11 08:00:00+00:00,9908.852080973487
2025-05-11 12:00:00+00:00,9908.852080973487
2025-05-11 16:00:00+00:00,9908.852080973487
2025-05-11 20:00:00+00:00,9908.852080973487
2025-05-12 00:00:00+00:00,9908.852080973487
2025-05-12 04:00:00+00:00,9908.852080973487
2025-05-12 08:00:00+00:00,9908.852080973487
2025-05-12 12:00:00+00:00,9908.852080973487
2025-05-12 16:00:00+00:00,9908.852080973487
2025-05-12 20:00:00+00:00,9908.852080973487
2025-05-13 00:00:00+00:00,9908.852080973487
2025-05-13 04:00:00+00:00,9908.852080973487
2025-05-13 08:00:00+00:00,9908.852080973487
2025-05-13 12:00:00+00:00,9908.852080973487
2025-05-13 16:00:00+00:00,9908.852080973487
2025-05-13 20:00:00+00:00,9908.852080973487
2025-05-14 00:00:00+00:00,9908.852080973487
2025-05-14 04:00:00+00:00,9908.852080973487
2025-05-14 08:00:00+00:00,9908.852080973487
2025-05-14 12:00:00+00:00,9908.852080973487
2025-05-14 16:00:00+00:00,9908.852080973487
2025-05-14 20:00:00+00:00,9908.852080973487
2025-05-15 00:00:00+00:00,9908.852080973487
2025-05-15 04:00:00+00:00,9908.852080973487
2025-05-15 08:00:00+00:00,9908.852080973487
2025-05-15 12:00:00+00:00,9908.852080973487
2025-05-15 16:00:00+00:00,9908.852080973487
2025-05-15 20:00:00+00:00,9908.852080973487
2025-05-16 00:00:00+00:00,9908.852080973487
2025-05-16 04:00:00+00:00,9908.852080973487
2025-05-16 08:00:00+00:00,9908.852080973487
2025-05-16 12:00:00+00:00,9908.852080973487
2025-05-16 16:00:00+00:00,9908.852080973487
2025-05-16 20:00:00+00:00,9908.852080973487
2025-05-17 00:00:00+00:00,9908.852080973487
2025-05-17 04:00:00+00:00,9908.852080973487
2025-05-17 08:00:00+00:00,9908.852080973487
2025-05-17 12:00:00+00:00,9908.852080973487
2025-05-17 16:00:00+00:00,9908.852080973487
2025-05-17 20:00:00+00:00,9908.852080973487
2025-05-18 00:00:00+00:00,9908.852080973487
2025-05-18 04:00:00+00:00,9908.852080973487
2025-05-18 08:00:00+00:00,9908.852080973487
2025-05-18 12:00:00+00:00,9908.852080973487
2025-05-18 16:00:00+00:00,9908.852080973487
2025-05-18 20:00:00+00:00,9908.852080973487
2025-05-19 00:00:00+00:00,9908.852080973487
2025-05-19 04:00:00+00:00,9908.852080973487
2025-05-19 08:00:00+00:00,9908.852080973487
2025-05-19 12:00:00+00:00,9908.852080973487
2025-05-19 16:00:00+00:00,9908.852080973487
2025-05-19 20:00:00+00:00,9908.852080973487
2025-05-20 00:00:00+00:00,9908.852080973487
2025-05-20 04:00:00+00:00,9908.852080973487
2025-05-20 08:00:00+00:00,9908.852080973487
2025-05-20 12:00:00+00:00,9908.852080973487
2025-05-20 16:00:00+00:00,9908.852080973487
2025-05-20 20:00:00+00:00,9908.852080973487
2025-05-21 00:00:00+00:00,9908.852080973487
2025-05-21 04:00:00+00:00,9908.852080973487
2025-05-21 08:00:00+00:00,9908.852080973487
2025-05-21 12:00:00+00:00,9908.852080973487
2025-05-21 16:00:00+00:00,9908.852080973487
2025-05-21 20:00:00+00:00,9908.852080973487
2025-05-22 00:00:00+00:00,9908.852080973487
2025-05-22 04:00:00+00:00,9908.852080973487
2025-05-22 08:00:00+00:00,9908.852080973487
2025-05-22 12:00:00+00:00,9908.852080973487
2025-05-22 16:00:00+00:00,9908.852080973487
2025-05-22 20:00:00+00:00,9908.852080973487
2025-05-23 00:00:00+00:00,9908.852080973487
2025-05-23 04:00:00+00:00,9908.852080973487
2025-05-23 08:00:00+00:00,9908.852080973487
2025-05-23 12:00:00+00:00,9908.852080973487
2025-05-23 16:00:00+00:00,9908.852080973487
2025-05-23 20:00:00+00:00,9908.852080973487
2025-05-24 00:00:00+00:00,9908.852080973487
2025-05-24 04:00:00+00:00,9908.852080973487
2025-05-24 08:00:00+00:00,9908.852080973487
2025-05-24 12:00:00+00:00,9908.852080973487
2025-05-24 16:00:00+00:00,9908.852080973487
2025-05-24 20:00:00+00:00,9908.852080973487
2025-05-25 00:00:00+00:00,9908.852080973487
2025-05-25 04:00:00+00:00,9908.852080973487
2025-05-25 08:00:00+00:00,9908.852080973487
2025-05-25 12:00:00+00:00,9908.852080973487
2025-05-25 16:00:00+00:00,9908.852080973487
2025-05-25 20:00:00+00:00,9908.852080973487
2025-05-26 00:00:00+00:00,9908.852080973487
2025-05-26 04:00:00+00:00,9908.852080973487
2025-05-26 08:00:00+00:00,9908.852080973487
2025-05-26 12:00:00+00:00,9908.852080973487
2025-05-26 16:00:00+00:00,9908.852080973487
2025-05-26 20:00:00+00:00,9908.852080973487
2025-05-27 00:00:00+00:00,9908.852080973487
2025-05-27 04:00:00+00:00,9908.852080973487
2025-05-27 08:00:00+00:00,9908.852080973487
2025-05-27 12:00:00+00:00,9908.852080973487
2025-05-27 16:00:00+00:00,9908.852080973487
2025-05-27 20:00:00+00:00,9908.852080973487
2025-05-28 00:00:00+00:00,9908.852080973487
2025-05-28 04:00:00+00:00,9908.852080973487
2025-05-28 08:00:00+00:00,9908.852080973487
2025-05-28 12:00:00+00:00,9908.852080973487
2025-05-28 16:00:00+00:00,9908.852080973487
2025-05-28 20:00:00+00:00,9908.852080973487
2025-05-29 00:00:00+00:00,9908.852080973487
2025-05-29 04:00:00+00:00,9908.852080973487
2025-05-29 08:00:00+00:00,9908.852080973487
2025-05-29 12:00:00+00:00,9908.852080973487
2025-05-29 16:00:00+00:00,9908.852080973487
2025-05-29 20:00:00+00:00,9908.852080973487
2025-05-30 00:00:00+00:00,9908.852080973487
2025-05-30 04:00:00+00:00,9904.143021705391
2025-05-30 08:00:00+00:00,9827.698165647751
2025-05-30 12:00:00+00:00,9857.963509954445
2025-05-30 16:00:00+00:00,9938.892884600507
2025-05-30 20:00:00+00:00,9997.630124468278
2025-05-31 00:00:00+00:00,10024.663674135369
2025-05-31 04:00:00+00:00,10019.013413862294
2025-05-31 08:00:00+00:00,10041.327503155288
2025-05-31 12:00:00+00:00,9946.463031755766
2025-05-31 16:00:00+00:00,9933.734926008106
2025-05-31 20:00:00+00:00,9943.252758501107
2025-06-01 00:00:00+00:00,9962.160191901796
2025-06-01 04:00:00+00:00,9971.58297161128
2025-06-01 08:00:00+00:00,9988.91396356457
2025-06-01 12:00:00+00:00,9932.203320779347
2025-06-01 16:00:00+00:00,9895.720986395963
2025-06-01 20:00:00+00:00,9849.00254329696
2025-06-02 00:00:00+00:00,9921.96541861498
2025-06-02 04:00:00+00:00,9871.892329637296
2025-06-02 08:00:00+00:00,9992.056085766893
2025-06-02 12:00:00+00:00,9956.980711924449
2025-06-02 16:00:00+00:00,9958.160801199065
2025-06-02 20:00:00+00:00,9829.717588935317
2025-06-03 00:00:00+00:00,9765.563357078834
2025-06-03 04:00:00+00:00,9765.563357078834
2025-06-03 08:00:00+00:00,9765.563357078834
2025-06-03 12:00:00+00:00,9765.563357078834
2025-06-03 16:00:00+00:00,9765.563357078834
2025-06-03 20:00:00+00:00,9765.563357078834
2025-06-04 00:00:00+00:00,9765.563357078834
2025-06-04 04:00:00+00:00,9765.563357078834
2025-06-04 08:00:00+00:00,9765.563357078834
2025-06-04 12:00:00+00:00,9765.563357078834
2025-06-04 16:00:00+00:00,9765.563357078834
2025-06-04 20:00:00+00:00,9765.563357078834
2025-06-05 00:00:00+00:00,9765.563357078834
2025-06-05 04:00:00+00:00,9765.563357078834
2025-06-05 08:00:00+00:00,9765.563357078834
2025-06-05 12:00:00+00:00,9765.563357078834
2025-06-05 16:00:00+00:00,9765.563357078834
2025-06-05 20:00:00+00:00,9765.563357078834
2025-06-06 00:00:00+00:00,9765.563357078834
2025-06-06 04:00:00+00:00,9765.563357078834
2025-06-06 08:00:00+00:00,9765.563357078834
2025-06-06 12:00:00+00:00,9765.563357078834
2025-06-06 16:00:00+00:00,9765.563357078834
2025-06-06 20:00:00+00:00,9765.563357078834
2025-06-07 00:00:00+00:00,9765.563357078834
2025-06-07 04:00:00+00:00,9765.563357078834
2025-06-07 08:00:00+00:00,9765.563357078834
2025-06-07 12:00:00+00:00,9765.563357078834
2025-06-07 16:00:00+00:00,9765.563357078834
2025-06-07 20:00:00+00:00,9765.563357078834
2025-06-08 00:00:00+00:00,9765.563357078834
2025-06-08 04:00:00+00:00,9765.563357078834
2025-06-08 08:00:00+00:00,9765.563357078834
2025-06-08 12:00:00+00:00,9765.563357078834
2025-06-08 16:00:00+00:00,9765.563357078834
2025-06-08 20:00:00+00:00,9765.563357078834
2025-06-09 00:00:00+00:00,9765.563357078834
2025-06-09 04:00:00+00:00,9765.563357078834
2025-06-09 08:00:00+00:00,9760.927032646438
2025-06-09 12:00:00+00:00,9665.41630175782
2025-06-09 16:00:00+00:00,9665.41630175782
2025-06-09 20:00:00+00:00,9665.41630175782
2025-06-10 00:00:00+00:00,9665.41630175782
2025-06-10 04:00:00+00:00,9665.41630175782
2025-06-10 08:00:00+00:00,9665.41630175782
2025-06-10 12:00:00+00:00,9665.41630175782
2025-06-10 16:00:00+00:00,9665.41630175782
2025-06-10 20:00:00+00:00,9665.41630175782
2025-06-11 00:00:00+00:00,9665.41630175782
2025-06-11 04:00:00+00:00,9665.41630175782
2025-06-11 08:00:00+00:00,9665.41630175782
2025-06-11 12:00:00+00:00,9665.41630175782
2025-06-11 16:00:00+00:00,9665.41630175782
2025-06-11 20:00:00+00:00,9665.41630175782
2025-06-12 00:00:00+00:00,9665.41630175782
2025-06-12 04:00:00+00:00,9665.41630175782
2025-06-12 08:00:00+00:00,9665.41630175782
2025-06-12 12:00:00+00:00,9665.41630175782
2025-06-12 16:00:00+00:00,9665.41630175782
2025-06-12 20:00:00+00:00,9660.822932329771
2025-06-13 00:00:00+00:00,9832.278920602163
2025-06-13 04:00:00+00:00,9832.278920602163
2025-06-13 08:00:00+00:00,9832.278920602163
2025-06-13 12:00:00+00:00,9832.278920602163
2025-06-13 16:00:00+00:00,9832.278920602163
2025-06-13 20:00:00+00:00,9832.278920602163
2025-06-14 00:00:00+00:00,9832.278920602163
2025-06-14 04:00:00+00:00,9832.278920602163
2025-06-14 08:00:00+00:00,9832.278920602163
2025-06-14 12:00:00+00:00,9832.278920602163
2025-06-14 16:00:00+00:00,9832.278920602163
2025-06-14 20:00:00+00:00,9832.278920602163
2025-06-15 00:00:00+00:00,9832.278920602163
2025-06-15 04:00:00+00:00,9832.278920602163
2025-06-15 08:00:00+00:00,9832.278920602163
2025-06-15 12:00:00+00:00,9832.278920602163
2025-06-15 16:00:00+00:00,9832.278920602163
2025-06-15 20:00:00+00:00,9832.278920602163
2025-06-16 00:00:00+00:00,9832.278920602163
2025-06-16 04:00:00+00:00,9832.278920602163
2025-06-16 08:00:00+00:00,9832.278920602163
2025-06-16 12:00:00+00:00,9832.278920602163
2025-06-16 16:00:00+00:00,9832.278920602163
2025-06-16 20:00:00+00:00,9832.278920602163
2025-06-17 00:00:00+00:00,9832.278920602163
2025-06-17 04:00:00+00:00,9832.278920602163
2025-06-17 08:00:00+00:00,9832.278920602163
2025-06-17 12:00:00+00:00,9832.278920602163
2025-06-17 16:00:00+00:00,9832.278920602163
2025-06-17 20:00:00+00:00,9832.278920602163
2025-06-18 00:00:00+00:00,9832.278920602163
2025-06-18 04:00:00+00:00,9832.278920602163
2025-06-18 08:00:00+00:00,9832.278920602163
2025-06-18 12:00:00+00:00,9832.278920602163
2025-06-18 16:00:00+00:00,9832.278920602163
2025-06-18 20:00:00+00:00,9832.278920602163
2025-06-19 00:00:00+00:00,9832.278920602163
2025-06-19 04:00:00+00:00,9832.278920602163
2025-06-19 08:00:00+00:00,9832.278920602163
2025-06-19 12:00:00+00:00,9832.278920602163
2025-06-19 16:00:00+00:00,9832.278920602163
2025-06-19 20:00:00+00:00,9832.278920602163
2025-06-20 00:00:00+00:00,9832.278920602163
2025-06-20 04:00:00+00:00,9832.278920602163
2025-06-20 08:00:00+00:00,9832.278920602163
2025-06-20 12:00:00+00:00,9832.278920602163
2025-06-20 16:00:00+00:00,9832.278920602163
2025-06-20 20:00:00+00:00,9832.278920602163
2025-06-21 00:00:00+00:00,9832.278920602163
2025-06-21 04:00:00+00:00,9832.278920602163
2025-06-21 08:00:00+00:00,9832.278920602163
2025-06-21 12:00:00+00:00,9832.278920602163
2025-06-21 16:00:00+00:00,9832.278920602163
2025-06-21 20:00:00+00:00,9832.278920602163
2025-06-22 00:00:00+00:00,9832.278920602163
2025-06-22 04:00:00+00:00,9832.278920602163
2025-06-22 08:00:00+00:00,9832.278920602163
2025-06-22 12:00:00+00:00,9832.278920602163
2025-06-22 16:00:00+00:00,9832.278920602163
2025-06-22 20:00:00+00:00,9832.278920602163
2025-06-23 00:00:00+00:00,9832.278920602163
2025-06-23 04:00:00+00:00,9832.278920602163
2025-06-23 08:00:00+00:00,9832.278920602163
2025-06-23 12:00:00+00:00,9832.278920602163
2025-06-23 16:00:00+00:00,9832.278920602163
2025-06-23 20:00:00+00:00,9827.610922114121
2025-06-24 00:00:00+00:00,9790.887867851352
2025-06-24 04:00:00+00:00,9792.141129713335
2025-06-24 08:00:00+00:00,9813.081415958892
2025-06-24 12:00:00+00:00,9819.704913762713
2025-06-24 16:00:00+00:00,9855.021372145025
2025-06-24 20:00:00+00:00,9894.002779466024
2025-06-25 00:00:00+00:00,9907.209890502385
2025-06-25 04:00:00+00:00,9939.826606570976
2025-06-25 08:00:00+00:00,9992.829656506245
2025-06-25 12:00:00+00:00,9977.760379153033
2025-06-25 16:00:00+00:00,10042.788184167173
2025-06-25 20:00:00+00:00,10005.465088687599
2025-06-26 00:00:00+00:00,10050.95211274619
2025-06-26 04:00:00+00:00,10047.42454399747
2025-06-26 08:00:00+00:00,10004.120535473576
2025-06-26 12:00:00+00:00,10003.07378705844
2025-06-26 16:00:00+00:00,10022.517958719112
2025-06-26 20:00:00+00:00,9970.586474265554
2025-06-27 00:00:00+00:00,10017.62367866121
2025-06-27 04:00:00+00:00,9963.730759624508
2025-06-27 08:00:00+00:00,9973.825101453453
2025-06-27 12:00:00+00:00,10002.599603822116
2025-06-27 16:00:00+00:00,9957.642601399639
2025-06-27 20:00:00+00:00,9979.496687489402
2025-06-28 00:00:00+00:00,10001.879908891473
2025-06-28 04:00:00+00:00,10018.265377096908
2025-06-28 08:00:00+00:00,10008.37311709578
2025-06-28 12:00:00+00:00,10015.09942846112
2025-06-28 16:00:00+00:00,9995.286546097064
2025-06-28 20:00:00+00:00,10001.583876740197
2025-06-29 00:00:00+00:00,9993.96060568297
2025-06-29 04:00:00+00:00,10010.924843333862
2025-06-29 08:00:00+00:00,10106.19844823498
2025-06-29 12:00:00+00:00,10041.816773275566
2025-06-29 16:00:00+00:00,10011.335211256139
2025-06-29 20:00:00+00:00,10095.546608731927
2025-06-30 00:00:00+00:00,10103.312071421029
2025-06-30 04:00:00+00:00,10103.312071421029
2025-06-30 08:00:00+00:00,10103.312071421029
2025-06-30 12:00:00+00:00,10103.312071421029
2025-06-30 16:00:00+00:00,10103.312071421029
2025-06-30 20:00:00+00:00,10103.312071421029
2025-07-01 00:00:00+00:00,10103.312071421029
2025-07-01 04:00:00+00:00,10103.312071421029
2025-07-01 08:00:00+00:00,10103.312071421029
2025-07-01 12:00:00+00:00,10103.312071421029
2025-07-01 16:00:00+00:00,10098.51059745012
2025-07-01 20:00:00+00:00,10072.761764730745
2025-07-02 00:00:00+00:00,10004.129285885227
2025-07-02 04:00:00+00:00,10004.129285885227
2025-07-02 08:00:00+00:00,10004.129285885227
2025-07-02 12:00:00+00:00,9999.37969926774
2025-07-02 16:00:00+00:00,10081.35697931512
2025-07-02 20:00:00+00:00,10009.151628664693
2025-07-03 00:00:00+00:00,9989.811315333822
2025-07-03 04:00:00+00:00,10046.750756256755
2025-07-03 08:00:00+00:00,10074.634737520953
2025-07-03 12:00:00+00:00,10033.458276576439
2025-07-03 16:00:00+00:00,10092.475104242261
2025-07-03 20:00:00+00:00,10073.375900558589
2025-07-04 00:00:00+00:00,10042.869415088273
2025-07-04 04:00:00+00:00,9996.082786918008
2025-07-04 08:00:00+00:00,10012.506197669189
2025-07-04 12:00:00+00:00,9901.273354092706
2025-07-04 16:00:00+00:00,9901.273354092706
2025-07-04 20:00:00+00:00,9901.273354092706
2025-07-05 00:00:00+00:00,9901.273354092706
2025-07-05 04:00:00+00:00,9901.273354092706
2025-07-05 08:00:00+00:00,9901.273354092706
2025-07-05 12:00:00+00:00,9901.273354092706
2025-07-05 16:00:00+00:00,9901.273354092706
2025-07-05 20:00:00+00:00,9901.273354092706
2025-07-06 00:00:00+00:00,9901.273354092706
2025-07-06 04:00:00+00:00,9901.273354092706
2025-07-06 08:00:00+00:00,9901.273354092706
2025-07-06 12:00:00+00:00,9901.273354092706
2025-07-06 16:00:00+00:00,9901.273354092706
2025-07-06 20:00:00+00:00,9901.273354092706
2025-07-07 00:00:00+00:00,9901.273354092706
2025-07-07 04:00:00+00:00,9901.273354092706
2025-07-07 08:00:00+00:00,9901.273354092706
2025-07-07 12:00:00+00:00,9901.273354092706
2025-07-07 16:00:00+00:00,9901.273354092706
2025-07-07 20:00:00+00:00,9901.273354092706
2025-07-08 00:00:00+00:00,9901.273354092706
2025-07-08 04:00:00+00:00,9901.273354092706
2025-07-08 08:00:00+00:00,9901.273354092706
2025-07-08 12:00:00+00:00,9901.273354092706
2025-07-08 16:00:00+00:00,9901.273354092706
2025-07-08 20:00:00+00:00,9901.273354092706
2025-07-09 00:00:00+00:00,9901.273354092706
2025-07-09 04:00:00+00:00,9901.273354092706
2025-07-09 08:00:00+00:00,9901.273354092706
2025-07-09 12:00:00+00:00,9901.273354092706
2025-07-09 16:00:00+00:00,9901.273354092706
2025-07-09 20:00:00+00:00,9901.273354092706
2025-07-10 00:00:00+00:00,9901.273354092706
2025-07-10 04:00:00+00:00,9901.273354092706
2025-07-10 08:00:00+00:00,9901.273354092706
2025-07-10 12:00:00+00:00,9901.273354092706
2025-07-10 16:00:00+00:00,9901.273354092706
2025-07-10 20:00:00+00:00,9901.273354092706
2025-07-11 00:00:00+00:00,9901.273354092706
2025-07-11 04:00:00+00:00,9901.273354092706
2025-07-11 08:00:00+00:00,9901.273354092706
2025-07-11 12:00:00+00:00,9901.273354092706
2025-07-11 16:00:00+00:00,9901.273354092706
2025-07-11 20:00:00+00:00,9901.273354092706
2025-07-12 00:00:00+00:00,9901.273354092706
2025-07-12 04:00:00+00:00,9901.273354092706
2025-07-12 08:00:00+00:00,9901.273354092706
2025-07-12 12:00:00+00:00,9901.273354092706
2025-07-12 16:00:00+00:00,9901.273354092706
2025-07-12 20:00:00+00:00,9901.273354092706
2025-07-13 00:00:00+00:00,9901.273354092706
2025-07-13 04:00:00+00:00,9901.273354092706
2025-07-13 08:00:00+00:00,9901.273354092706
2025-07-13 12:00:00+00:00,9901.273354092706
2025-07-13 16:00:00+00:00,9901.273354092706
2025-07-13 20:00:00+00:00,9901.273354092706
2025-07-14 00:00:00+00:00,9901.273354092706
2025-07-14 04:00:00+00:00,9901.273354092706
2025-07-14 08:00:00+00:00,9901.273354092706
2025-07-14 12:00:00+00:00,9901.273354092706
2025-07-14 16:00:00+00:00,9901.273354092706
2025-07-14 20:00:00+00:00,9901.273354092706
2025-07-15 00:00:00+00:00,9896.567896520726
2025-07-15 04:00:00+00:00,9926.23897552348
2025-07-15 08:00:00+00:00,9899.338589670328
2025-07-15 12:00:00+00:00,9957.383365989372
2025-07-15 16:00:00+00:00,9955.403955168666
2025-07-15 20:00:00+00:00,9847.595152019147
2025-07-16 00:00:00+00:00,9869.72053060027
2025-07-16 04:00:00+00:00,9812.958675986043
2025-07-16 08:00:00+00:00,9763.337465203347
2025-07-16 12:00:00+00:00,9763.337465203347
2025-07-16 16:00:00+00:00,9763.337465203347
2025-07-16 20:00:00+00:00,9763.337465203347
2025-07-17 00:00:00+00:00,9763.337465203347
2025-07-17 04:00:00+00:00,9763.337465203347
2025-07-17 08:00:00+00:00,9763.337465203347
2025-07-17 12:00:00+00:00,9763.337465203347
2025-07-17 16:00:00+00:00,9763.337465203347
2025-07-17 20:00:00+00:00,9763.337465203347
2025-07-18 00:00:00+00:00,9763.337465203347
2025-07-18 04:00:00+00:00,9763.337465203347
2025-07-18 08:00:00+00:00,9763.337465203347
2025-07-18 12:00:00+00:00,9763.337465203347
2025-07-18 16:00:00+00:00,9763.337465203347
2025-07-18 20:00:00+00:00,9763.337465203347
2025-07-19 00:00:00+00:00,9763.337465203347
2025-07-19 04:00:00+00:00,9763.337465203347
2025-07-19 08:00:00+00:00,9763.337465203347
2025-07-19 12:00:00+00:00,9763.337465203347
2025-07-19 16:00:00+00:00,9763.337465203347
2025-07-19 20:00:00+00:00,9763.337465203347
2025-07-20 00:00:00+00:00,9763.337465203347
2025-07-20 04:00:00+00:00,9763.337465203347
2025-07-20 08:00:00+00:00,9763.337465203347
2025-07-20 12:00:00+00:00,9763.337465203347
2025-07-20 16:00:00+00:00,9763.337465203347
2025-07-20 20:00:00+00:00,9763.337465203347
2025-07-21 00:00:00+00:00,9763.337465203347
2025-07-21 04:00:00+00:00,9763.337465203347
2025-07-21 08:00:00+00:00,9763.337465203347
2025-07-21 12:00:00+00:00,9763.337465203347
2025-07-21 16:00:00+00:00,9763.337465203347
2025-07-21 20:00:00+00:00,9763.337465203347
2025-07-22 00:00:00+00:00,9763.337465203347
2025-07-22 04:00:00+00:00,9763.337465203347
2025-07-22 08:00:00+00:00,9763.337465203347
2025-07-22 12:00:00+00:00,9763.337465203347
2025-07-22 16:00:00+00:00,9763.337465203347
2025-07-22 20:00:00+00:00,9763.337465203347
2025-07-23 00:00:00+00:00,9763.337465203347
2025-07-23 04:00:00+00:00,9763.337465203347
2025-07-23 08:00:00+00:00,9763.337465203347
2025-07-23 12:00:00+00:00,9763.337465203347
2025-07-23 16:00:00+00:00,9763.337465203347
2025-07-23 20:00:00+00:00,9763.337465203347
2025-07-24 00:00:00+00:00,9763.337465203347
2025-07-24 04:00:00+00:00,9763.337465203347
2025-07-24 08:00:00+00:00,9763.337465203347
2025-07-24 12:00:00+00:00,9763.337465203347
2025-07-24 16:00:00+00:00,9763.337465203347
2025-07-24 20:00:00+00:00,9763.337465203347
2025-07-25 00:00:00+00:00,9763.337465203347
2025-07-25 04:00:00+00:00,9763.337465203347
2025-07-25 08:00:00+00:00,9763.337465203347
2025-07-25 12:00:00+00:00,9763.337465203347
2025-07-25 16:00:00+00:00,9763.337465203347
2025-07-25 20:00:00+00:00,9763.337465203347
2025-07-26 00:00:00+00:00,9763.337465203347
2025-07-26 04:00:00+00:00,9763.337465203347
2025-07-26 08:00:00+00:00,9763.337465203347
2025-07-26 12:00:00+00:00,9763.337465203347
2025-07-26 16:00:00+00:00,9763.337465203347
2025-07-26 20:00:00+00:00,9763.337465203347
2025-07-27 00:00:00+00:00,9763.337465203347
2025-07-27 04:00:00+00:00,9763.337465203347
2025-07-27 08:00:00+00:00,9763.337465203347
2025-07-27 12:00:00+00:00,9763.337465203347
2025-07-27 16:00:00+00:00,9763.337465203347
2025-07-27 20:00:00+00:00,9763.337465203347
2025-07-28 00:00:00+00:00,9763.337465203347
2025-07-28 04:00:00+00:00,9763.337465203347
2025-07-28 08:00:00+00:00,9763.337465203347
2025-07-28 12:00:00+00:00,9763.337465203347
2025-07-28 16:00:00+00:00,9763.337465203347
2025-07-28 20:00:00+00:00,9763.337465203347
2025-07-29 00:00:00+00:00,9763.337465203347
2025-07-29 04:00:00+00:00,9763.337465203347
2025-07-29 08:00:00+00:00,9763.337465203347
2025-07-29 12:00:00+00:00,9763.337465203347
2025-07-29 16:00:00+00:00,9763.337465203347
2025-07-29 20:00:00+00:00,9763.337465203347
2025-07-30 00:00:00+00:00,9763.337465203347
2025-07-30 04:00:00+00:00,9763.337465203347
2025-07-30 08:00:00+00:00,9763.337465203347
2025-07-30 12:00:00+00:00,9763.337465203347
2025-07-30 16:00:00+00:00,9763.337465203347
2025-07-30 20:00:00+00:00,9763.337465203347
2025-07-31 00:00:00+00:00,9763.337465203347
2025-07-31 04:00:00+00:00,9763.337465203347
2025-07-31 08:00:00+00:00,9763.337465203347
2025-07-31 12:00:00+00:00,9763.337465203347
2025-07-31 16:00:00+00:00,9763.337465203347
2025-07-31 20:00:00+00:00,9763.337465203347
2025-08-01 00:00:00+00:00,9763.337465203347
2025-08-01 04:00:00+00:00,9763.337465203347
2025-08-01 08:00:00+00:00,9763.337465203347
2025-08-01 12:00:00+00:00,9763.337465203347
2025-08-01 16:00:00+00:00,9763.337465203347
2025-08-01 20:00:00+00:00,9763.337465203347
2025-08-02 00:00:00+00:00,9763.337465203347
2025-08-02 04:00:00+00:00,9763.337465203347
2025-08-02 08:00:00+00:00,9763.337465203347
2025-08-02 12:00:00+00:00,9763.337465203347
2025-08-02 16:00:00+00:00,9763.337465203347
2025-08-02 20:00:00+00:00,9763.337465203347
2025-08-03 00:00:00+00:00,9763.337465203347
2025-08-03 04:00:00+00:00,9763.337465203347
2025-08-03 08:00:00+00:00,9763.337465203347
2025-08-03 12:00:00+00:00,9763.337465203347
2025-08-03 16:00:00+00:00,9763.337465203347
2025-08-03 20:00:00+00:00,9763.337465203347
2025-08-04 00:00:00+00:00,9763.337465203347
2025-08-04 04:00:00+00:00,9763.337465203347
2025-08-04 08:00:00+00:00,9763.337465203347
2025-08-04 12:00:00+00:00,9763.337465203347
2025-08-04 16:00:00+00:00,9763.337465203347
2025-08-04 20:00:00+00:00,9763.337465203347
2025-08-05 00:00:00+00:00,9763.337465203347
2025-08-05 04:00:00+00:00,9763.337465203347
2025-08-05 08:00:00+00:00,9763.337465203347
2025-08-05 12:00:00+00:00,9763.337465203347
2025-08-05 16:00:00+00:00,9763.337465203347
2025-08-05 20:00:00+00:00,9763.337465203347
2025-08-06 00:00:00+00:00,9763.337465203347
2025-08-06 04:00:00+00:00,9763.337465203347
2025-08-06 08:00:00+00:00,9763.337465203347
2025-08-06 12:00:00+00:00,9763.337465203347
2025-08-06 16:00:00+00:00,9763.337465203347
2025-08-06 20:00:00+00:00,9763.337465203347
2025-08-07 00:00:00+00:00,9763.337465203347
2025-08-07 04:00:00+00:00,9763.337465203347
2025-08-07 08:00:00+00:00,9763.337465203347
2025-08-07 12:00:00+00:00,9763.337465203347
2025-08-07 16:00:00+00:00,9758.702197541206
2025-08-07 20:00:00+00:00,9759.49380235923
2025-08-08 00:00:00+00:00,9701.511709078186
2025-08-08 04:00:00+00:00,9654.96331925496
2025-08-08 08:00:00+00:00,9654.96331925496
2025-08-08 12:00:00+00:00,9654.96331925496
2025-08-08 16:00:00+00:00,9654.96331925496
2025-08-08 20:00:00+00:00,9654.96331925496
2025-08-09 00:00:00+00:00,9654.96331925496
2025-08-09 04:00:00+00:00,9654.96331925496
2025-08-09 08:00:00+00:00,9654.96331925496
2025-08-09 12:00:00+00:00,9654.96331925496
2025-08-09 16:00:00+00:00,9654.96331925496
2025-08-09 20:00:00+00:00,9654.96331925496
2025-08-10 00:00:00+00:00,9654.96331925496
2025-08-10 04:00:00+00:00,9654.96331925496
2025-08-10 08:00:00+00:00,9654.96331925496
2025-08-10 12:00:00+00:00,9654.96331925496
2025-08-10 16:00:00+00:00,9654.96331925496
2025-08-10 20:00:00+00:00,9654.96331925496
2025-08-11 00:00:00+00:00,9654.96331925496
2025-08-11 04:00:00+00:00,9654.96331925496
2025-08-11 08:00:00+00:00,9654.96331925496
2025-08-11 12:00:00+00:00,9654.96331925496
2025-08-11 16:00:00+00:00,9654.96331925496
2025-08-11 20:00:00+00:00,9654.96331925496
2025-08-12 00:00:00+00:00,9654.96331925496
2025-08-12 04:00:00+00:00,9654.96331925496
2025-08-12 08:00:00+00:00,9654.96331925496
2025-08-12 12:00:00+00:00,9654.96331925496
2025-08-12 16:00:00+00:00,9654.96331925496
2025-08-12 20:00:00+00:00,9654.96331925496
2025-08-13 00:00:00+00:00,9654.96331925496
2025-08-13 04:00:00+00:00,9654.96331925496
2025-08-13 08:00:00+00:00,9654.96331925496
2025-08-13 12:00:00+00:00,9654.96331925496
2025-08-13 16:00:00+00:00,9654.96331925496
2025-08-13 20:00:00+00:00,9654.96331925496
2025-08-14 00:00:00+00:00,9654.96331925496
2025-08-14 04:00:00+00:00,9654.96331925496
2025-08-14 08:00:00+00:00,9654.96331925496
2025-08-14 12:00:00+00:00,9654.96331925496
2025-08-14 16:00:00+00:00,9650.374917477426
2025-08-14 20:00:00+00:00,9623.207682719974
2025-08-15 00:00:00+00:00,9570.78099622266
2025-08-15 04:00:00+00:00,9571.75044876749
2025-08-15 08:00:00+00:00,9567.89442403862
2025-08-15 12:00:00+00:00,9702.55885181263
2025-08-15 16:00:00+00:00,9728.930917628819
2025-08-15 20:00:00+00:00,9697.359131622348
2025-08-16 00:00:00+00:00,9690.544953943689
2025-08-16 04:00:00+00:00,9677.595059757388
2025-08-16 08:00:00+00:00,9694.52157670181
2025-08-16 12:00:00+00:00,9671.321628080861
2025-08-16 16:00:00+00:00,9671.677975806007
2025-08-16 20:00:00+00:00,9694.355073616262
2025-08-17 00:00:00+00:00,9670.679735344518
2025-08-17 04:00:00+00:00,9645.701938356848
2025-08-17 08:00:00+00:00,9622.20243979227
2025-08-17 12:00:00+00:00,9627.01469018534
2025-08-17 16:00:00+00:00,9679.617994441622
2025-08-17 20:00:00+00:00,9692.460517479298
2025-08-18 00:00:00+00:00,9854.762901350745
2025-08-18 04:00:00+00:00,9860.182054929033
2025-08-18 08:00:00+00:00,9860.182054929033
2025-08-18 12:00:00+00:00,9860.182054929033
2025-08-18 16:00:00+00:00,9860.182054929033
2025-08-18 20:00:00+00:00,9860.182054929033
2025-08-19 00:00:00+00:00,9860.182054929033
2025-08-19 04:00:00+00:00,9860.182054929033
2025-08-19 08:00:00+00:00,9860.182054929033
2025-08-19 12:00:00+00:00,9860.182054929033
2025-08-19 16:00:00+00:00,9860.182054929033
2025-08-19 20:00:00+00:00,9860.182054929033
2025-08-20 00:00:00+00:00,9860.182054929033
2025-08-20 04:00:00+00:00,9860.182054929033
2025-08-20 08:00:00+00:00,9860.182054929033
2025-08-20 12:00:00+00:00,9860.182054929033
2025-08-20 16:00:00+00:00,9860.182054929033
2025-08-20 20:00:00+00:00,9860.182054929033
2025-08-21 00:00:00+00:00,9860.182054929033
2025-08-21 04:00:00+00:00,9860.182054929033
2025-08-21 08:00:00+00:00,9860.182054929033
2025-08-21 12:00:00+00:00,9860.182054929033
2025-08-21 16:00:00+00:00,9860.182054929033
2025-08-21 20:00:00+00:00,9860.182054929033
2025-08-22 00:00:00+00:00,9860.182054929033
2025-08-22 04:00:00+00:00,9860.182054929033
2025-08-22 08:00:00+00:00,9860.182054929033
2025-08-22 12:00:00+00:00,9855.50080907587
2025-08-22 16:00:00+00:00,9878.433415731512
2025-08-22 20:00:00+00:00,9900.9766250527
2025-08-23 00:00:00+00:00,9790.978314388485
2025-08-23 04:00:00+00:00,9809.539050970918
2025-08-23 08:00:00+00:00,9770.169693193511
2025-08-23 12:00:00+00:00,9728.037006446213
2025-08-23 16:00:00+00:00,9728.037006446213
2025-08-23 20:00:00+00:00,9728.037006446213
2025-08-24 00:00:00+00:00,9728.037006446213
2025-08-24 04:00:00+00:00,9728.037006446213
2025-08-24 08:00:00+00:00,9728.037006446213
2025-08-24 12:00:00+00:00,9728.037006446213
2025-08-24 16:00:00+00:00,9728.037006446213
2025-08-24 20:00:00+00:00,9728.037006446213
2025-08-25 00:00:00+00:00,9728.037006446213
2025-08-25 04:00:00+00:00,9723.41387730358
2025-08-25 08:00:00+00:00,9748.005547693278
2025-08-25 12:00:00+00:00,9666.27626131856
2025-08-25 16:00:00+00:00,9596.73621849552
2025-08-25 20:00:00+00:00,9596.73621849552
2025-08-26 00:00:00+00:00,9596.73621849552
2025-08-26 04:00:00+00:00,9596.73621849552
2025-08-26 08:00:00+00:00,9596.73621849552
2025-08-26 12:00:00+00:00,9596.73621849552
2025-08-26 16:00:00+00:00,9596.73621849552
2025-08-26 20:00:00+00:00,9596.73621849552
2025-08-27 00:00:00+00:00,9596.73621849552
2025-08-27 04:00:00+00:00,9596.73621849552
2025-08-27 08:00:00+00:00,9596.73621849552
2025-08-27 12:00:00+00:00,9596.73621849552
2025-08-27 16:00:00+00:00,9596.73621849552
2025-08-27 20:00:00+00:00,9596.73621849552
2025-08-28 00:00:00+00:00,9596.73621849552
2025-08-28 04:00:00+00:00,9596.73621849552
2025-08-28 08:00:00+00:00,9596.73621849552
2025-08-28 12:00:00+00:00,9596.73621849552
2025-08-28 16:00:00+00:00,9596.73621849552
2025-08-28 20:00:00+00:00,9596.73621849552
2025-08-29 00:00:00+00:00,9596.73621849552
2025-08-29 04:00:00+00:00,9596.73621849552
2025-08-29 08:00:00+00:00,9596.73621849552
2025-08-29 12:00:00+00:00,9596.73621849552
2025-08-29 16:00:00+00:00,9596.73621849552
2025-08-29 20:00:00+00:00,9596.73621849552
2025-08-30 00:00:00+00:00,9596.73621849552
2025-08-30 04:00:00+00:00,9596.73621849552
2025-08-30 08:00:00+00:00,9596.73621849552
2025-08-30 12:00:00+00:00,9596.73621849552
2025-08-30 16:00:00+00:00,9596.73621849552
2025-08-30 20:00:00+00:00,9596.73621849552
2025-08-31 00:00:00+00:00,9596.73621849552
2025-08-31 04:00:00+00:00,9596.73621849552
2025-08-31 08:00:00+00:00,9596.73621849552
2025-08-31 12:00:00+00:00,9596.73621849552
2025-08-31 16:00:00+00:00,9596.73621849552
2025-08-31 20:00:00+00:00,9596.73621849552
2025-09-01 00:00:00+00:00,9596.73621849552
2025-09-01 04:00:00+00:00,9596.73621849552
2025-09-01 08:00:00+00:00,9596.73621849552
2025-09-01 12:00:00+00:00,9596.73621849552
2025-09-01 16:00:00+00:00,9596.73621849552
2025-09-01 20:00:00+00:00,9596.73621849552
2025-09-02 00:00:00+00:00,9596.73621849552
2025-09-02 04:00:00+00:00,9596.73621849552
2025-09-02 08:00:00+00:00,9596.73621849552
2025-09-02 12:00:00+00:00,9596.73621849552
2025-09-02 16:00:00+00:00,9596.73621849552
2025-09-02 20:00:00+00:00,9596.73621849552
2025-09-03 00:00:00+00:00,9596.73621849552
2025-09-03 04:00:00+00:00,9596.73621849552
2025-09-03 08:00:00+00:00,9592.180046877544
2025-09-03 12:00:00+00:00,9656.367584638985
2025-09-03 16:00:00+00:00,9653.996234657354
2025-09-03 20:00:00+00:00,9614.089685294046
2025-09-04 00:00:00+00:00,9568.564671888049
2025-09-04 04:00:00+00:00,9479.741302230357
2025-09-04 08:00:00+00:00,9479.741302230357
2025-09-04 12:00:00+00:00,9479.741302230357
2025-09-04 16:00:00+00:00,9479.741302230357
2025-09-04 20:00:00+00:00,9479.741302230357
2025-09-05 00:00:00+00:00,9479.741302230357
2025-09-05 04:00:00+00:00,9479.741302230357
2025-09-05 08:00:00+00:00,9479.741302230357
2025-09-05 12:00:00+00:00,9479.741302230357
2025-09-05 16:00:00+00:00,9479.741302230357
2025-09-05 20:00:00+00:00,9479.741302230357
2025-09-06 00:00:00+00:00,9479.741302230357
2025-09-06 04:00:00+00:00,9479.741302230357
2025-09-06 08:00:00+00:00,9479.741302230357
2025-09-06 12:00:00+00:00,9479.741302230357
2025-09-06 16:00:00+00:00,9479.741302230357
2025-09-06 20:00:00+00:00,9479.741302230357
2025-09-07 00:00:00+00:00,9479.741302230357
2025-09-07 04:00:00+00:00,9479.741302230357
2025-09-07 08:00:00+00:00,9479.741302230357
2025-09-07 12:00:00+00:00,9479.741302230357
2025-09-07 16:00:00+00:00,9479.741302230357
2025-09-07 20:00:00+00:00,9479.741302230357
2025-09-08 00:00:00+00:00,9479.741302230357
2025-09-08 04:00:00+00:00,9479.741302230357
2025-09-08 08:00:00+00:00,9479.741302230357
2025-09-08 12:00:00+00:00,9479.741302230357
2025-09-08 16:00:00+00:00,9479.741302230357
2025-09-08 20:00:00+00:00,9479.741302230357
2025-09-09 00:00:00+00:00,9479.741302230357
2025-09-09 04:00:00+00:00,9479.741302230357
2025-09-09 08:00:00+00:00,9479.741302230357
2025-09-09 12:00:00+00:00,9479.741302230357
2025-09-09 16:00:00+00:00,9479.741302230357
2025-09-09 20:00:00+00:00,9479.741302230357
2025-09-10 00:00:00+00:00,9479.741302230357
2025-09-10 04:00:00+00:00,9479.741302230357
2025-09-10 08:00:00+00:00,9479.741302230357
2025-09-10 12:00:00+00:00,9479.741302230357
2025-09-10 16:00:00+00:00,9479.741302230357
2025-09-10 20:00:00+00:00,9479.741302230357
2025-09-11 00:00:00+00:00,9479.741302230357
2025-09-11 04:00:00+00:00,9479.741302230357
2025-09-11 08:00:00+00:00,9479.741302230357
2025-09-11 12:00:00+00:00,9479.741302230357
2025-09-11 16:00:00+00:00,9479.741302230357
2025-09-11 20:00:00+00:00,9479.741302230357
2025-09-12 00:00:00+00:00,9479.741302230357
2025-09-12 04:00:00+00:00,9479.741302230357
2025-09-12 08:00:00+00:00,9479.741302230357
2025-09-12 12:00:00+00:00,9479.741302230357
2025-09-12 16:00:00+00:00,9479.741302230357
2025-09-12 20:00:00+00:00,9479.741302230357
2025-09-13 00:00:00+00:00,9479.741302230357
2025-09-13 04:00:00+00:00,9479.741302230357
2025-09-13 08:00:00+00:00,9479.741302230357
2025-09-13 12:00:00+00:00,9479.741302230357
2025-09-13 16:00:00+00:00,9479.741302230357
2025-09-13 20:00:00+00:00,9479.741302230357
2025-09-14 00:00:00+00:00,9479.741302230357
2025-09-14 04:00:00+00:00,9479.741302230357
2025-09-14 08:00:00+00:00,9479.741302230357
2025-09-14 12:00:00+00:00,9479.741302230357
2025-09-14 16:00:00+00:00,9479.741302230357
2025-09-14 20:00:00+00:00,9479.741302230357
2025-09-15 00:00:00+00:00,9479.741302230357
2025-09-15 04:00:00+00:00,9479.741302230357
2025-09-15 08:00:00+00:00,9479.741302230357
2025-09-15 12:00:00+00:00,9479.741302230357
2025-09-15 16:00:00+00:00,9479.741302230357
2025-09-15 20:00:00+00:00,9479.741302230357
2025-09-16 00:00:00+00:00,9479.741302230357
2025-09-16 04:00:00+00:00,9479.741302230357
2025-09-16 08:00:00+00:00,9479.741302230357
2025-09-16 12:00:00+00:00,9479.741302230357
2025-09-16 16:00:00+00:00,9479.741302230357
2025-09-16 20:00:00+00:00,9479.741302230357
2025-09-17 00:00:00+00:00,9479.741302230357
2025-09-17 04:00:00+00:00,9479.741302230357
2025-09-17 08:00:00+00:00,9479.741302230357
2025-09-17 12:00:00+00:00,9479.741302230357
2025-09-17 16:00:00+00:00,9479.741302230357
2025-09-17 20:00:00+00:00,9479.741302230357
2025-09-18 00:00:00+00:00,9479.741302230357
2025-09-18 04:00:00+00:00,9479.741302230357
2025-09-18 08:00:00+00:00,9479.741302230357
2025-09-18 12:00:00+00:00,9479.741302230357
2025-09-18 16:00:00+00:00,9479.741302230357
2025-09-18 20:00:00+00:00,9479.741302230357
2025-09-19 00:00:00+00:00,9479.741302230357
2025-09-19 04:00:00+00:00,9479.741302230357
2025-09-19 08:00:00+00:00,9479.741302230357
2025-09-19 12:00:00+00:00,9479.741302230357
2025-09-19 16:00:00+00:00,9479.741302230357
2025-09-19 20:00:00+00:00,9479.741302230357
2025-09-20 00:00:00+00:00,9479.741302230357
2025-09-20 04:00:00+00:00,9479.741302230357
2025-09-20 08:00:00+00:00,9479.741302230357
2025-09-20 12:00:00+00:00,9479.741302230357
2025-09-20 16:00:00+00:00,9479.741302230357
2025-09-20 20:00:00+00:00,9479.741302230357
2025-09-21 00:00:00+00:00,9479.741302230357
2025-09-21 04:00:00+00:00,9479.741302230357
2025-09-21 08:00:00+00:00,9479.741302230357
2025-09-21 12:00:00+00:00,9479.741302230357
2025-09-21 16:00:00+00:00,9479.741302230357
2025-09-21 20:00:00+00:00,9479.741302230357
2025-09-22 00:00:00+00:00,9479.741302230357
2025-09-22 04:00:00+00:00,9475.236172546956
2025-09-22 08:00:00+00:00,9446.65029737259
2025-09-22 12:00:00+00:00,9394.34798060742
2025-09-22 16:00:00+00:00,9394.34798060742
2025-09-22 20:00:00+00:00,9394.34798060742
2025-09-23 00:00:00+00:00,9394.34798060742
2025-09-23 04:00:00+00:00,9394.34798060742
2025-09-23 08:00:00+00:00,9394.34798060742
2025-09-23 12:00:00+00:00,9394.34798060742
2025-09-23 16:00:00+00:00,9394.34798060742
2025-09-23 20:00:00+00:00,9394.34798060742
2025-09-24 00:00:00+00:00,9394.34798060742
2025-09-24 04:00:00+00:00,9394.34798060742
2025-09-24 08:00:00+00:00,9394.34798060742
2025-09-24 12:00:00+00:00,9394.34798060742
2025-09-24 16:00:00+00:00,9394.34798060742
2025-09-24 20:00:00+00:00,9394.34798060742
2025-09-25 00:00:00+00:00,9394.34798060742
2025-09-25 04:00:00+00:00,9394.34798060742
2025-09-25 08:00:00+00:00,9394.34798060742
2025-09-25 12:00:00+00:00,9394.34798060742
2025-09-25 16:00:00+00:00,9394.34798060742
2025-09-25 20:00:00+00:00,9394.34798060742
2025-09-26 00:00:00+00:00,9394.34798060742
2025-09-26 04:00:00+00:00,9394.34798060742
2025-09-26 08:00:00+00:00,9394.34798060742
2025-09-26 12:00:00+00:00,9394.34798060742
2025-09-26 16:00:00+00:00,9394.34798060742
2025-09-26 20:00:00+00:00,9394.34798060742
2025-09-27 00:00:00+00:00,9394.34798060742
2025-09-27 04:00:00+00:00,9394.34798060742
2025-09-27 08:00:00+00:00,9394.34798060742
2025-09-27 12:00:00+00:00,9394.34798060742
2025-09-27 16:00:00+00:00,9394.34798060742
2025-09-27 20:00:00+00:00,9394.34798060742
2025-09-28 00:00:00+00:00,9394.34798060742
2025-09-28 04:00:00+00:00,9394.34798060742
2025-09-28 08:00:00+00:00,9394.34798060742
2025-09-28 12:00:00+00:00,9394.34798060742
2025-09-28 16:00:00+00:00,9394.34798060742
2025-09-28 20:00:00+00:00,9389.887895359256
2025-09-29 00:00:00+00:00,9365.517346293402
2025-09-29 04:00:00+00:00,9366.188562303438
2025-09-29 08:00:00+00:00,9384.802082107848
2025-09-29 12:00:00+00:00,9496.757027167649
2025-09-29 16:00:00+00:00,9496.757027167649
2025-09-29 20:00:00+00:00,9496.757027167649
2025-09-30 00:00:00+00:00,9496.757027167649
2025-09-30 04:00:00+00:00,9496.757027167649
2025-09-30 08:00:00+00:00,9496.757027167649
2025-09-30 12:00:00+00:00,9496.757027167649
2025-09-30 16:00:00+00:00,9496.757027167649
2025-09-30 20:00:00+00:00,9496.757027167649
2025-10-01 00:00:00+00:00,9496.757027167649
2025-10-01 04:00:00+00:00,9496.757027167649
2025-10-01 08:00:00+00:00,9496.757027167649
2025-10-01 12:00:00+00:00,9496.757027167649
2025-10-01 16:00:00+00:00,9496.757027167649
2025-10-01 20:00:00+00:00,9496.757027167649
2025-10-02 00:00:00+00:00,9496.757027167649
2025-10-02 04:00:00+00:00,9496.757027167649
2025-10-02 08:00:00+00:00,9496.757027167649
2025-10-02 12:00:00+00:00,9496.757027167649
2025-10-02 16:00:00+00:00,9496.757027167649
2025-10-02 20:00:00+00:00,9496.757027167649
2025-10-03 00:00:00+00:00,9496.757027167649
2025-10-03 04:00:00+00:00,9496.757027167649
2025-10-03 08:00:00+00:00,9496.757027167649
2025-10-03 12:00:00+00:00,9496.757027167649
2025-10-03 16:00:00+00:00,9496.757027167649
2025-10-03 20:00:00+00:00,9496.757027167649
2025-10-04 00:00:00+00:00,9496.757027167649
2025-10-04 04:00:00+00:00,9496.757027167649
2025-10-04 08:00:00+00:00,9496.757027167649
2025-10-04 12:00:00+00:00,9496.757027167649
2025-10-04 16:00:00+00:00,9496.757027167649
2025-10-04 20:00:00+00:00,9496.757027167649
2025-10-05 00:00:00+00:00,9496.757027167649
2025-10-05 04:00:00+00:00,9496.757027167649
2025-10-05 08:00:00+00:00,9496.757027167649
2025-10-05 12:00:00+00:00,9496.757027167649
2025-10-05 16:00:00+00:00,9496.757027167649
2025-10-05 20:00:00+00:00,9496.757027167649
2025-10-06 00:00:00+00:00,9496.757027167649
2025-10-06 04:00:00+00:00,9496.757027167649
2025-10-06 08:00:00+00:00,9496.757027167649
2025-10-06 12:00:00+00:00,9496.757027167649
2025-10-06 16:00:00+00:00,9496.757027167649
2025-10-06 20:00:00+00:00,9496.757027167649
2025-10-07 00:00:00+00:00,9496.757027167649
2025-10-07 04:00:00+00:00,9496.757027167649
2025-10-07 08:00:00+00:00,9496.757027167649
2025-10-07 12:00:00+00:00,9496.757027167649
2025-10-07 16:00:00+00:00,9496.757027167649
2025-10-07 20:00:00+00:00,9496.757027167649
2025-10-08 00:00:00+00:00,9496.757027167649
2025-10-08 04:00:00+00:00,9496.757027167649
2025-10-08 08:00:00+00:00,9496.757027167649
2025-10-08 12:00:00+00:00,9496.757027167649
2025-10-08 16:00:00+00:00,9496.757027167649
2025-10-08 20:00:00+00:00,9496.757027167649
2025-10-09 00:00:00+00:00,9496.757027167649
2025-10-09 04:00:00+00:00,9496.757027167649
2025-10-09 08:00:00+00:00,9496.757027167649
2025-10-09 12:00:00+00:00,9496.757027167649
2025-10-09 16:00:00+00:00,9496.757027167649
2025-10-09 20:00:00+00:00,9496.757027167649
2025-10-10 00:00:00+00:00,9496.757027167649
2025-10-10 04:00:00+00:00,9496.757027167649
2025-10-10 08:00:00+00:00,9496.757027167649
2025-10-10 12:00:00+00:00,9492.243810971646
2025-10-10 16:00:00+00:00,9671.035746808304
2025-10-10 20:00:00+00:00,9710.622040435052
2025-10-11 00:00:00+00:00,9710.622040435052
2025-10-11 04:00:00+00:00,9710.622040435052
2025-10-11 08:00:00+00:00,9710.622040435052
2025-10-11 12:00:00+00:00,9710.622040435052
2025-10-11 16:00:00+00:00,9710.622040435052
2025-10-11 20:00:00+00:00,9710.622040435052
2025-10-12 00:00:00+00:00,9710.622040435052
2025-10-12 04:00:00+00:00,9710.622040435052
2025-10-12 08:00:00+00:00,9710.622040435052
2025-10-12 12:00:00+00:00,9710.622040435052
2025-10-12 16:00:00+00:00,9710.622040435052
2025-10-12 20:00:00+00:00,9710.622040435052
2025-10-13 00:00:00+00:00,9710.622040435052
2025-10-13 04:00:00+00:00,9710.622040435052
2025-10-13 08:00:00+00:00,9710.622040435052
2025-10-13 12:00:00+00:00,9710.622040435052
2025-10-13 16:00:00+00:00,9710.622040435052
2025-10-13 20:00:00+00:00,9710.622040435052
2025-10-14 00:00:00+00:00,9710.622040435052
2025-10-14 04:00:00+00:00,9710.622040435052
2025-10-14 08:00:00+00:00,9710.622040435052
2025-10-14 12:00:00+00:00,9710.622040435052
2025-10-14 16:00:00+00:00,9710.622040435052
2025-10-14 20:00:00+00:00,9710.622040435052
2025-10-15 00:00:00+00:00,9710.622040435052
2025-10-15 04:00:00+00:00,9710.622040435052
2025-10-15 08:00:00+00:00,9710.622040435052
2025-10-15 12:00:00+00:00,9710.622040435052
2025-10-15 16:00:00+00:00,9710.622040435052
2025-10-15 20:00:00+00:00,9710.622040435052
2025-10-16 00:00:00+00:00,9710.622040435052
2025-10-16 04:00:00+00:00,9710.622040435052
2025-10-16 08:00:00+00:00,9710.622040435052
2025-10-16 12:00:00+00:00,9710.622040435052
2025-10-16 16:00:00+00:00,9710.622040435052
2025-10-16 20:00:00+00:00,9710.622040435052
2025-10-17 00:00:00+00:00,9710.622040435052
2025-10-17 04:00:00+00:00,9710.622040435052
2025-10-17 08:00:00+00:00,9710.622040435052
2025-10-17 12:00:00+00:00,9710.622040435052
2025-10-17 16:00:00+00:00,9710.622040435052
2025-10-17 20:00:00+00:00,9710.622040435052
2025-10-18 00:00:00+00:00,9710.622040435052
2025-10-18 04:00:00+00:00,9710.622040435052
2025-10-18 08:00:00+00:00,9710.622040435052
2025-10-18 12:00:00+00:00,9710.622040435052
2025-10-18 16:00:00+00:00,9710.622040435052
2025-10-18 20:00:00+00:00,9710.622040435052
2025-10-19 00:00:00+00:00,9710.622040435052
2025-10-19 04:00:00+00:00,9710.622040435052
2025-10-19 08:00:00+00:00,9710.622040435052
2025-10-19 12:00:00+00:00,9710.622040435052
2025-10-19 16:00:00+00:00,9710.622040435052
2025-10-19 20:00:00+00:00,9710.622040435052
2025-10-20 00:00:00+00:00,9710.622040435052
2025-10-20 04:00:00+00:00,9710.622040435052
2025-10-20 08:00:00+00:00,9710.622040435052
2025-10-20 12:00:00+00:00,9710.622040435052
2025-10-20 16:00:00+00:00,9710.622040435052
2025-10-20 20:00:00+00:00,9710.622040435052
2025-10-21 00:00:00+00:00,9710.622040435052
2025-10-21 04:00:00+00:00,9710.622040435052
2025-10-21 08:00:00+00:00,9710.622040435052
2025-10-21 12:00:00+00:00,9706.01180008602
2025-10-21 16:00:00+00:00,9549.044163295575
2025-10-21 20:00:00+00:00,9549.044163295575
2025-10-22 00:00:00+00:00,9549.044163295575
2025-10-22 04:00:00+00:00,9549.044163295575
2025-10-22 08:00:00+00:00,9549.044163295575
2025-10-22 12:00:00+00:00,9549.044163295575
2025-10-22 16:00:00+00:00,9549.044163295575
2025-10-22 20:00:00+00:00,9549.044163295575
2025-10-23 00:00:00+00:00,9549.044163295575
2025-10-23 04:00:00+00:00,9549.044163295575
2025-10-23 08:00:00+00:00,9549.044163295575
2025-10-23 12:00:00+00:00,9549.044163295575
2025-10-23 16:00:00+00:00,9549.044163295575
2025-10-23 20:00:00+00:00,9549.044163295575
2025-10-24 00:00:00+00:00,9549.044163295575
2025-10-24 04:00:00+00:00,9549.044163295575
2025-10-24 08:00:00+00:00,9549.044163295575
2025-10-24 12:00:00+00:00,9549.044163295575
2025-10-24 16:00:00+00:00,9549.044163295575
2025-10-24 20:00:00+00:00,9549.044163295575
2025-10-25 00:00:00+00:00,9549.044163295575
2025-10-25 04:00:00+00:00,9549.044163295575
2025-10-25 08:00:00+00:00,9549.044163295575
2025-10-25 12:00:00+00:00,9549.044163295575
2025-10-25 16:00:00+00:00,9549.044163295575
2025-10-25 20:00:00+00:00,9549.044163295575
2025-10-26 00:00:00+00:00,9549.044163295575
2025-10-26 04:00:00+00:00,9549.044163295575
2025-10-26 08:00:00+00:00,9549.044163295575
2025-10-26 12:00:00+00:00,9549.044163295575
2025-10-26 16:00:00+00:00,9549.044163295575
2025-10-26 20:00:00+00:00,9549.044163295575
2025-10-27 00:00:00+00:00,9549.044163295575
2025-10-27 04:00:00+00:00,9549.044163295575
2025-10-27 08:00:00+00:00,9549.044163295575
2025-10-27 12:00:00+00:00,9549.044163295575
2025-10-27 16:00:00+00:00,9549.044163295575
2025-10-27 20:00:00+00:00,9549.044163295575
2025-10-28 00:00:00+00:00,9549.044163295575
2025-10-28 04:00:00+00:00,9549.044163295575
2025-10-28 08:00:00+00:00,9549.044163295575
2025-10-28 12:00:00+00:00,9549.044163295575
2025-10-28 16:00:00+00:00,9549.044163295575
2025-10-28 20:00:00+00:00,9549.044163295575
2025-10-29 00:00:00+00:00,9549.044163295575
2025-10-29 04:00:00+00:00,9549.044163295575
2025-10-29 08:00:00+00:00,9549.044163295575
2025-10-29 12:00:00+00:00,9549.044163295575
2025-10-29 16:00:00+00:00,9544.506098285505
2025-10-29 20:00:00+00:00,9595.260729564983
2025-10-30 00:00:00+00:00,9535.361880883616
2025-10-30 04:00:00+00:00,9484.891083749742
2025-10-30 08:00:00+00:00,9620.198758542956
2025-10-30 12:00:00+00:00,9746.490613175001
2025-10-30 16:00:00+00:00,9746.490613175001
2025-10-30 20:00:00+00:00,9746.490613175001
2025-10-31 00:00:00+00:00,9746.490613175001
2025-10-31 04:00:00+00:00,9746.490613175001
2025-10-31 08:00:00+00:00,9746.490613175001
2025-10-31 12:00:00+00:00,9746.490613175001
2025-10-31 16:00:00+00:00,9746.490613175001
2025-10-31 20:00:00+00:00,9746.490613175001
2025-11-01 00:00:00+00:00,9746.490613175001
2025-11-01 04:00:00+00:00,9746.490613175001
2025-11-01 08:00:00+00:00,9746.490613175001
2025-11-01 12:00:00+00:00,9746.490613175001
2025-11-01 16:00:00+00:00,9746.490613175001
2025-11-01 20:00:00+00:00,9746.490613175001
2025-11-02 00:00:00+00:00,9746.490613175001
2025-11-02 04:00:00+00:00,9746.490613175001
2025-11-02 08:00:00+00:00,9746.490613175001
2025-11-02 12:00:00+00:00,9746.490613175001
2025-11-02 16:00:00+00:00,9746.490613175001
2025-11-02 20:00:00+00:00,9746.490613175001
2025-11-03 00:00:00+00:00,9746.490613175001
2025-11-03 04:00:00+00:00,9746.490613175001
2025-11-03 08:00:00+00:00,9746.490613175001
2025-11-03 12:00:00+00:00,9746.490613175001
2025-11-03 16:00:00+00:00,9746.490613175001
2025-11-03 20:00:00+00:00,9746.490613175001
2025-11-04 00:00:00+00:00,9746.490613175001
2025-11-04 04:00:00+00:00,9746.490613175001
2025-11-04 08:00:00+00:00,9746.490613175001
2025-11-04 12:00:00+00:00,9746.490613175001
2025-11-04 16:00:00+00:00,9746.490613175001
2025-11-04 20:00:00+00:00,9746.490613175001
2025-11-05 00:00:00+00:00,9746.490613175001
2025-11-05 04:00:00+00:00,9746.490613175001
2025-11-05 08:00:00+00:00,9746.490613175001
2025-11-05 12:00:00+00:00,9746.490613175001
2025-11-05 16:00:00+00:00,9746.490613175001
2025-11-05 20:00:00+00:00,9746.490613175001
2025-11-06 00:00:00+00:00,9746.490613175001
2025-11-06 04:00:00+00:00,9746.490613175001
2025-11-06 08:00:00+00:00,9746.490613175001
2025-11-06 12:00:00+00:00,9746.490613175001
2025-11-06 16:00:00+00:00,9746.490613175001
2025-11-06 20:00:00+00:00,9746.490613175001
2025-11-07 00:00:00+00:00,9746.490613175001
2025-11-07 04:00:00+00:00,9746.490613175001
2025-11-07 08:00:00+00:00,9746.490613175001
2025-11-07 12:00:00+00:00,9746.490613175001
2025-11-07 16:00:00+00:00,9746.490613175001
2025-11-07 20:00:00+00:00,9746.490613175001
2025-11-08 00:00:00+00:00,9746.490613175001
2025-11-08 04:00:00+00:00,9746.490613175001
2025-11-08 08:00:00+00:00,9746.490613175001
2025-11-08 12:00:00+00:00,9746.490613175001
2025-11-08 16:00:00+00:00,9746.490613175001
2025-11-08 20:00:00+00:00,9746.490613175001
2025-11-09 00:00:00+00:00,9746.490613175001
2025-11-09 04:00:00+00:00,9746.490613175001
2025-11-09 08:00:00+00:00,9746.490613175001
2025-11-09 12:00:00+00:00,9746.490613175001
2025-11-09 16:00:00+00:00,9746.490613175001
2025-11-09 20:00:00+00:00,9746.490613175001
2025-11-10 00:00:00+00:00,9746.490613175001
2025-11-10 04:00:00+00:00,9746.490613175001
2025-11-10 08:00:00+00:00,9746.490613175001
2025-11-10 12:00:00+00:00,9746.490613175001
2025-11-10 16:00:00+00:00,9746.490613175001
2025-11-10 20:00:00+00:00,9746.490613175001
2025-11-11 00:00:00+00:00,9746.490613175001
2025-11-11 04:00:00+00:00,9746.490613175001
2025-11-11 08:00:00+00:00,9746.490613175001
2025-11-11 12:00:00+00:00,9746.490613175001
2025-11-11 16:00:00+00:00,9746.490613175001
2025-11-11 20:00:00+00:00,9746.490613175001
2025-11-12 00:00:00+00:00,9746.490613175001
2025-11-12 04:00:00+00:00,9746.490613175001
2025-11-12 08:00:00+00:00,9746.490613175001
2025-11-12 12:00:00+00:00,9746.490613175001
2025-11-12 16:00:00+00:00,9746.490613175001
2025-11-12 20:00:00+00:00,9746.490613175001
2025-11-13 00:00:00+00:00,9746.490613175001
2025-11-13 04:00:00+00:00,9746.490613175001
2025-11-13 08:00:00+00:00,9746.490613175001
2025-11-13 12:00:00+00:00,9746.490613175001
2025-11-13 16:00:00+00:00,9746.490613175001
2025-11-13 20:00:00+00:00,9746.490613175001
2025-11-14 00:00:00+00:00,9746.490613175001
2025-11-14 04:00:00+00:00,9746.490613175001
2025-11-14 08:00:00+00:00,9746.490613175001
2025-11-14 12:00:00+00:00,9746.490613175001
2025-11-14 16:00:00+00:00,9746.490613175001
2025-11-14 20:00:00+00:00,9746.490613175001
2025-11-15 00:00:00+00:00,9746.490613175001
2025-11-15 04:00:00+00:00,9746.490613175001
2025-11-15 08:00:00+00:00,9746.490613175001
2025-11-15 12:00:00+00:00,9746.490613175001
2025-11-15 16:00:00+00:00,9746.490613175001
2025-11-15 20:00:00+00:00,9746.490613175001
2025-11-16 00:00:00+00:00,9746.490613175001
2025-11-16 04:00:00+00:00,9746.490613175001
2025-11-16 08:00:00+00:00,9746.490613175001
2025-11-16 12:00:00+00:00,9746.490613175001
2025-11-16 16:00:00+00:00,9746.490613175001
2025-11-16 20:00:00+00:00,9746.490613175001
2025-11-17 00:00:00+00:00,9746.490613175001
2025-11-17 04:00:00+00:00,9746.490613175001
2025-11-17 08:00:00+00:00,9746.490613175001
2025-11-17 12:00:00+00:00,9746.490613175001
2025-11-17 16:00:00+00:00,9746.490613175001
2025-11-17 20:00:00+00:00,9746.490613175001
2025-11-18 00:00:00+00:00,9746.490613175001
2025-11-18 04:00:00+00:00,9746.490613175001
2025-11-18 08:00:00+00:00,9746.490613175001
2025-11-18 12:00:00+00:00,9746.490613175001
2025-11-18 16:00:00+00:00,9746.490613175001
2025-11-18 20:00:00+00:00,9746.490613175001
2025-11-19 00:00:00+00:00,9746.490613175001
2025-11-19 04:00:00+00:00,9746.490613175001
2025-11-19 08:00:00+00:00,9746.490613175001
2025-11-19 12:00:00+00:00,9746.490613175001
2025-11-19 16:00:00+00:00,9746.490613175001
2025-11-19 20:00:00+00:00,9746.490613175001
2025-11-20 00:00:00+00:00,9746.490613175001
2025-11-20 04:00:00+00:00,9746.490613175001
2025-11-20 08:00:00+00:00,9746.490613175001
2025-11-20 12:00:00+00:00,9746.490613175001
2025-11-20 16:00:00+00:00,9746.490613175001
2025-11-20 20:00:00+00:00,9746.490613175001
2025-11-21 00:00:00+00:00,9746.490613175001
2025-11-21 04:00:00+00:00,9746.490613175001
2025-11-21 08:00:00+00:00,9746.490613175001
2025-11-21 12:00:00+00:00,9746.490613175001
2025-11-21 16:00:00+00:00,9746.490613175001
2025-11-21 20:00:00+00:00,9746.490613175001
2025-11-22 00:00:00+00:00,9746.490613175001
2025-11-22 04:00:00+00:00,9746.490613175001
2025-11-22 08:00:00+00:00,9746.490613175001
2025-11-22 12:00:00+00:00,9746.490613175001
2025-11-22 16:00:00+00:00,9746.490613175001
2025-11-22 20:00:00+00:00,9746.490613175001
2025-11-23 00:00:00+00:00,9746.490613175001
2025-11-23 04:00:00+00:00,9746.490613175001
2025-11-23 08:00:00+00:00,9746.490613175001
2025-11-23 12:00:00+00:00,9746.490613175001
2025-11-23 16:00:00+00:00,9746.490613175001
2025-11-23 20:00:00+00:00,9746.490613175001
2025-11-24 00:00:00+00:00,9746.490613175001
2025-11-24 04:00:00+00:00,9746.490613175001
2025-11-24 08:00:00+00:00,9746.490613175001
2025-11-24 12:00:00+00:00,9746.490613175001
2025-11-24 16:00:00+00:00,9746.490613175001
2025-11-24 20:00:00+00:00,9746.490613175001
2025-11-25 00:00:00+00:00,9746.490613175001
2025-11-25 04:00:00+00:00,9746.490613175001
2025-11-25 08:00:00+00:00,9746.490613175001
2025-11-25 12:00:00+00:00,9746.490613175001
2025-11-25 16:00:00+00:00,9746.490613175001
2025-11-25 20:00:00+00:00,9746.490613175001
2025-11-26 00:00:00+00:00,9746.490613175001
2025-11-26 04:00:00+00:00,9746.490613175001
2025-11-26 08:00:00+00:00,9746.490613175001
2025-11-26 12:00:00+00:00,9746.490613175001
2025-11-26 16:00:00+00:00,9746.490613175001
2025-11-26 20:00:00+00:00,9746.490613175001
2025-11-27 00:00:00+00:00,9746.490613175001
2025-11-27 04:00:00+00:00,9741.863343768448
2025-11-27 08:00:00+00:00,9738.171990385092
2025-11-27 12:00:00+00:00,9696.299529269116
2025-11-27 16:00:00+00:00,9753.999452656624
2025-11-27 20:00:00+00:00,9734.33180843691
2025-11-28 00:00:00+00:00,9721.666193838504
2025-11-28 04:00:00+00:00,9691.497530065259
2025-11-28 08:00:00+00:00,9744.82979067279
2025-11-28 12:00:00+00:00,9838.465231610724
2025-11-28 16:00:00+00:00,9716.461243826481
2025-11-28 20:00:00+00:00,9689.45544016558
2025-11-29 00:00:00+00:00,9668.149669293569
2025-11-29 04:00:00+00:00,9656.750616155005
2025-11-29 08:00:00+00:00,9667.433874767505
2025-11-29 12:00:00+00:00,9706.950389826687
2025-11-29 16:00:00+00:00,9664.152559266831
2025-11-29 20:00:00+00:00,9680.519651640758
2025-11-30 00:00:00+00:00,9691.343639304352
2025-11-30 04:00:00+00:00,9697.297794336584
2025-11-30 08:00:00+00:00,9705.460079299999
2025-11-30 12:00:00+00:00,9744.593892335346
2025-11-30 16:00:00+00:00,9747.173587458985
2025-11-30 20:00:00+00:00,9635.725290945964
2025-12-01 00:00:00+00:00,9565.35988618285
2025-12-01 04:00:00+00:00,9543.85200568197
2025-12-01 08:00:00+00:00,9586.110350507011
2025-12-01 12:00:00+00:00,9800.608829847024
2025-12-01 16:00:00+00:00,9800.608829847024
2025-12-01 20:00:00+00:00,9800.608829847024
2025-12-02 00:00:00+00:00,9800.608829847024
2025-12-02 04:00:00+00:00,9800.608829847024
2025-12-02 08:00:00+00:00,9800.608829847024
2025-12-02 12:00:00+00:00,9795.955867134204
2025-12-02 16:00:00+00:00,9903.855422950022
2025-12-02 20:00:00+00:00,9839.783339600848
2025-12-03 00:00:00+00:00,9978.17170552183
2025-12-03 04:00:00+00:00,10079.05669777902
2025-12-03 08:00:00+00:00,10079.05669777902
2025-12-03 12:00:00+00:00,10079.05669777902
2025-12-03 16:00:00+00:00,10079.05669777902
2025-12-03 20:00:00+00:00,10079.05669777902
2025-12-04 00:00:00+00:00,10079.05669777902
2025-12-04 04:00:00+00:00,10079.05669777902
2025-12-04 08:00:00+00:00,10079.05669777902
2025-12-04 12:00:00+00:00,10079.05669777902
2025-12-04 16:00:00+00:00,10079.05669777902
2025-12-04 20:00:00+00:00,10079.05669777902
2025-12-05 00:00:00+00:00,10079.05669777902
2025-12-05 04:00:00+00:00,10079.05669777902
2025-12-05 08:00:00+00:00,10079.05669777902
2025-12-05 12:00:00+00:00,10079.05669777902
2025-12-05 16:00:00+00:00,10079.05669777902
2025-12-05 20:00:00+00:00,10079.05669777902
2025-12-06 00:00:00+00:00,10079.05669777902
2025-12-06 04:00:00+00:00,10079.05669777902
2025-12-06 08:00:00+00:00,10079.05669777902
2025-12-06 12:00:00+00:00,10079.05669777902
2025-12-06 16:00:00+00:00,10079.05669777902
2025-12-06 20:00:00+00:00,10079.05669777902
2025-12-07 00:00:00+00:00,10079.05669777902
2025-12-07 04:00:00+00:00,10079.05669777902
2025-12-07 08:00:00+00:00,10079.05669777902
2025-12-07 12:00:00+00:00,10079.05669777902
2025-12-07 16:00:00+00:00,10079.05669777902
2025-12-07 20:00:00+00:00,10079.05669777902
2025-12-08 00:00:00+00:00,10079.05669777902
2025-12-08 04:00:00+00:00,10079.05669777902
2025-12-08 08:00:00+00:00,10079.05669777902
2025-12-08 12:00:00+00:00,10079.05669777902
2025-12-08 16:00:00+00:00,10079.05669777902
2025-12-08 20:00:00+00:00,10079.05669777902
2025-12-09 00:00:00+00:00,10079.05669777902
2025-12-09 04:00:00+00:00,10079.05669777902
2025-12-09 08:00:00+00:00,10079.05669777902
2025-12-09 12:00:00+00:00,10079.05669777902
2025-12-09 16:00:00+00:00,10079.05669777902
2025-12-09 20:00:00+00:00,10079.05669777902
2025-12-10 00:00:00+00:00,10079.05669777902
2025-12-10 04:00:00+00:00,10079.05669777902
2025-12-10 08:00:00+00:00,10079.05669777902
2025-12-10 12:00:00+00:00,10079.05669777902
2025-12-10 16:00:00+00:00,10079.05669777902
2025-12-10 20:00:00+00:00,10079.05669777902
2025-12-11 00:00:00+00:00,10079.05669777902
2025-12-11 04:00:00+00:00,10079.05669777902
2025-12-11 08:00:00+00:00,10079.05669777902
2025-12-11 12:00:00+00:00,10079.05669777902
2025-12-11 16:00:00+00:00,10079.05669777902
2025-12-11 20:00:00+00:00,10079.05669777902
2025-12-12 00:00:00+00:00,10079.05669777902
2025-12-12 04:00:00+00:00,10079.05669777902
2025-12-12 08:00:00+00:00,10079.05669777902
2025-12-12 12:00:00+00:00,10079.05669777902
2025-12-12 16:00:00+00:00,10079.05669777902
2025-12-12 20:00:00+00:00,10079.05669777902
2025-12-13 00:00:00+00:00,10079.05669777902
2025-12-13 04:00:00+00:00,10079.05669777902
2025-12-13 08:00:00+00:00,10079.05669777902
2025-12-13 12:00:00+00:00,10079.05669777902
2025-12-13 16:00:00+00:00,10079.05669777902
2025-12-13 20:00:00+00:00,10079.05669777902
2025-12-14 00:00:00+00:00,10079.05669777902
2025-12-14 04:00:00+00:00,10079.05669777902
2025-12-14 08:00:00+00:00,10079.05669777902
2025-12-14 12:00:00+00:00,10079.05669777902
2025-12-14 16:00:00+00:00,10079.05669777902
2025-12-14 20:00:00+00:00,10079.05669777902
2025-12-15 00:00:00+00:00,10079.05669777902
2025-12-15 04:00:00+00:00,10079.05669777902
2025-12-15 08:00:00+00:00,10079.05669777902
2025-12-15 12:00:00+00:00,10074.266750874123
2025-12-15 16:00:00+00:00,10171.488673795504
2025-12-15 20:00:00+00:00,10140.435247970061
2025-12-16 00:00:00+00:00,10201.65272034734
2025-12-16 04:00:00+00:00,10185.627382668601
2025-12-16 08:00:00+00:00,10049.145088545538
2025-12-16 12:00:00+00:00,9929.224265563967
2025-12-16 16:00:00+00:00,9929.224265563967
2025-12-16 20:00:00+00:00,9929.224265563967
2025-12-17 00:00:00+00:00,9929.224265563967
2025-12-17 04:00:00+00:00,9929.224265563967
2025-12-17 08:00:00+00:00,9929.224265563967
2025-12-17 12:00:00+00:00,9929.224265563967
2025-12-17 16:00:00+00:00,9929.224265563967
2025-12-17 20:00:00+00:00,9929.224265563967
2025-12-18 00:00:00+00:00,9929.224265563967
2025-12-18 04:00:00+00:00,9929.224265563967
2025-12-18 08:00:00+00:00,9929.224265563967
2025-12-18 12:00:00+00:00,9929.224265563967
2025-12-18 16:00:00+00:00,9929.224265563967
2025-12-18 20:00:00+00:00,9929.224265563967
2025-12-19 00:00:00+00:00,9929.224265563967
2025-12-19 04:00:00+00:00,9929.224265563967
2025-12-19 08:00:00+00:00,9929.224265563967
2025-12-19 12:00:00+00:00,9929.224265563967
2025-12-19 16:00:00+00:00,9929.224265563967
2025-12-19 20:00:00+00:00,9929.224265563967
2025-12-20 00:00:00+00:00,9929.224265563967
2025-12-20 04:00:00+00:00,9929.224265563967
2025-12-20 08:00:00+00:00,9929.224265563967
2025-12-20 12:00:00+00:00,9929.224265563967
2025-12-20 16:00:00+00:00,9929.224265563967
2025-12-20 20:00:00+00:00,9929.224265563967
2025-12-21 00:00:00+00:00,9929.224265563967
2025-12-21 04:00:00+00:00,9929.224265563967
2025-12-21 08:00:00+00:00,9929.224265563967
2025-12-21 12:00:00+00:00,9929.224265563967
2025-12-21 16:00:00+00:00,9929.224265563967
2025-12-21 20:00:00+00:00,9929.224265563967
2025-12-22 00:00:00+00:00,9929.224265563967
2025-12-22 04:00:00+00:00,9929.224265563967
2025-12-22 08:00:00+00:00,9929.224265563967
2025-12-22 12:00:00+00:00,9929.224265563967
2025-12-22 16:00:00+00:00,9929.224265563967
2025-12-22 20:00:00+00:00,9929.224265563967
2025-12-23 00:00:00+00:00,9929.224265563967
2025-12-23 04:00:00+00:00,9929.224265563967
2025-12-23 08:00:00+00:00,9929.224265563967
2025-12-23 12:00:00+00:00,9929.224265563967
2025-12-23 16:00:00+00:00,9929.224265563967
2025-12-23 20:00:00+00:00,9929.224265563967
2025-12-24 00:00:00+00:00,9929.224265563967
2025-12-24 04:00:00+00:00,9929.224265563967
2025-12-24 08:00:00+00:00,9929.224265563967
2025-12-24 12:00:00+00:00,9929.224265563967
2025-12-24 16:00:00+00:00,9929.224265563967
2025-12-24 20:00:00+00:00,9929.224265563967
2025-12-25 00:00:00+00:00,9929.224265563967
2025-12-25 04:00:00+00:00,9929.224265563967
2025-12-25 08:00:00+00:00,9929.224265563967
2025-12-25 12:00:00+00:00,9929.224265563967
2025-12-25 16:00:00+00:00,9929.224265563967
2025-12-25 20:00:00+00:00,9929.224265563967
2025-12-26 00:00:00+00:00,9929.224265563967
2025-12-26 04:00:00+00:00,9929.224265563967
2025-12-26 08:00:00+00:00,9929.224265563967
2025-12-26 12:00:00+00:00,9929.224265563967
2025-12-26 16:00:00+00:00,9929.224265563967
2025-12-26 20:00:00+00:00,9929.224265563967
2025-12-27 00:00:00+00:00,9929.224265563967
2025-12-27 04:00:00+00:00,9929.224265563967
2025-12-27 08:00:00+00:00,9929.224265563967
2025-12-27 12:00:00+00:00,9929.224265563967
2025-12-27 16:00:00+00:00,9929.224265563967
2025-12-27 20:00:00+00:00,9929.224265563967
2025-12-28 00:00:00+00:00,9929.224265563967
2025-12-28 04:00:00+00:00,9929.224265563967
2025-12-28 08:00:00+00:00,9929.224265563967
2025-12-28 12:00:00+00:00,9929.224265563967
2025-12-28 16:00:00+00:00,9929.224265563967
2025-12-28 20:00:00+00:00,9929.224265563967
2025-12-29 00:00:00+00:00,9924.510241050082
2025-12-29 04:00:00+00:00,9871.593058801845
2025-12-29 08:00:00+00:00,9827.802572569246
2025-12-29 12:00:00+00:00,9827.802572569246
2025-12-29 16:00:00+00:00,9827.802572569246
2025-12-29 20:00:00+00:00,9827.802572569246
2025-12-30 00:00:00+00:00,9827.802572569246
2025-12-30 04:00:00+00:00,9827.802572569246
2025-12-30 08:00:00+00:00,9827.802572569246
2025-12-30 12:00:00+00:00,9827.802572569246
2025-12-30 16:00:00+00:00,9827.802572569246
2025-12-30 20:00:00+00:00,9827.802572569246
2025-12-31 00:00:00+00:00,9827.802572569246
2025-12-31 04:00:00+00:00,9827.802572569246
2025-12-31 08:00:00+00:00,9827.802572569246
2025-12-31 12:00:00+00:00,9827.802572569246
2025-12-31 16:00:00+00:00,9827.802572569246
2025-12-31 20:00:00+00:00,9827.802572569246
2026-01-01 00:00:00+00:00,9827.802572569246
2026-01-01 04:00:00+00:00,9827.802572569246
2026-01-01 08:00:00+00:00,9827.802572569246
2026-01-01 12:00:00+00:00,9827.802572569246
2026-01-01 16:00:00+00:00,9827.802572569246
2026-01-01 20:00:00+00:00,9827.802572569246
2026-01-02 00:00:00+00:00,9827.802572569246
2026-01-02 04:00:00+00:00,9827.802572569246
2026-01-02 08:00:00+00:00,9827.802572569246
2026-01-02 12:00:00+00:00,9827.802572569246
2026-01-02 16:00:00+00:00,9827.802572569246
2026-01-02 20:00:00+00:00,9827.802572569246
2026-01-03 00:00:00+00:00,9827.802572569246
2026-01-03 04:00:00+00:00,9827.802572569246
2026-01-03 08:00:00+00:00,9827.802572569246
2026-01-03 12:00:00+00:00,9827.802572569246
2026-01-03 16:00:00+00:00,9827.802572569246
2026-01-03 20:00:00+00:00,9827.802572569246
2026-01-04 00:00:00+00:00,9827.802572569246
2026-01-04 04:00:00+00:00,9827.802572569246
2026-01-04 08:00:00+00:00,9827.802572569246
2026-01-04 12:00:00+00:00,9827.802572569246
2026-01-04 16:00:00+00:00,9827.802572569246
2026-01-04 20:00:00+00:00,9827.802572569246
2026-01-05 00:00:00+00:00,9827.802572569246
2026-01-05 04:00:00+00:00,9827.802572569246
2026-01-05 08:00:00+00:00,9827.802572569246
2026-01-05 12:00:00+00:00,9827.802572569246
2026-01-05 16:00:00+00:00,9827.802572569246
2026-01-05 20:00:00+00:00,9827.802572569246
2026-01-06 00:00:00+00:00,9827.802572569246
2026-01-06 04:00:00+00:00,9827.802572569246
2026-01-06 08:00:00+00:00,9827.802572569246
2026-01-06 12:00:00+00:00,9827.802572569246
2026-01-06 16:00:00+00:00,9827.802572569246
2026-01-06 20:00:00+00:00,9827.802572569246
2026-01-07 00:00:00+00:00,9827.802572569246
2026-01-07 04:00:00+00:00,9827.802572569246
2026-01-07 08:00:00+00:00,9827.802572569246
2026-01-07 12:00:00+00:00,9827.802572569246
2026-01-07 16:00:00+00:00,9827.802572569246
2026-01-07 20:00:00+00:00,9827.802572569246
2026-01-08 00:00:00+00:00,9827.802572569246
2026-01-08 04:00:00+00:00,9823.13203107653
2026-01-08 08:00:00+00:00,9856.27271056428
2026-01-08 12:00:00+00:00,9799.038628136874
2026-01-08 16:00:00+00:00,9782.961916879687
2026-01-08 20:00:00+00:00,9766.18989611356
2026-01-09 00:00:00+00:00,9692.479756021528
2026-01-09 04:00:00+00:00,9692.479756021528
2026-01-09 08:00:00+00:00,9692.479756021528
2026-01-09 12:00:00+00:00,9692.479756021528
2026-01-09 16:00:00+00:00,9692.479756021528
2026-01-09 20:00:00+00:00,9692.479756021528
2026-01-10 00:00:00+00:00,9692.479756021528
2026-01-10 04:00:00+00:00,9692.479756021528
2026-01-10 08:00:00+00:00,9692.479756021528
2026-01-10 12:00:00+00:00,9692.479756021528
2026-01-10 16:00:00+00:00,9692.479756021528
2026-01-10 20:00:00+00:00,9692.479756021528
2026-01-11 00:00:00+00:00,9692.479756021528
2026-01-11 04:00:00+00:00,9692.479756021528
2026-01-11 08:00:00+00:00,9692.479756021528
2026-01-11 12:00:00+00:00,9692.479756021528
2026-01-11 16:00:00+00:00,9692.479756021528
2026-01-11 20:00:00+00:00,9692.479756021528
2026-01-12 00:00:00+00:00,9692.479756021528
2026-01-12 04:00:00+00:00,9692.479756021528
2026-01-12 08:00:00+00:00,9692.479756021528
2026-01-12 12:00:00+00:00,9692.479756021528
2026-01-12 16:00:00+00:00,9692.479756021528
2026-01-12 20:00:00+00:00,9692.479756021528
2026-01-13 00:00:00+00:00,9692.479756021528
2026-01-13 04:00:00+00:00,9692.479756021528
2026-01-13 08:00:00+00:00,9692.479756021528
2026-01-13 12:00:00+00:00,9687.878128950953
2026-01-13 16:00:00+00:00,9764.38480358572
2026-01-13 20:00:00+00:00,9853.023948302201
2026-01-14 00:00:00+00:00,9853.023948302201
2026-01-14 04:00:00+00:00,9853.023948302201
2026-01-14 08:00:00+00:00,9853.023948302201
2026-01-14 12:00:00+00:00,9853.023948302201
2026-01-14 16:00:00+00:00,9853.023948302201
2026-01-14 20:00:00+00:00,9853.023948302201
2026-01-15 00:00:00+00:00,9853.023948302201
2026-01-15 04:00:00+00:00,9853.023948302201
2026-01-15 08:00:00+00:00,9853.023948302201
2026-01-15 12:00:00+00:00,9853.023948302201
2026-01-15 16:00:00+00:00,9853.023948302201
2026-01-15 20:00:00+00:00,9853.023948302201
2026-01-16 00:00:00+00:00,9853.023948302201
2026-01-16 04:00:00+00:00,9853.023948302201
2026-01-16 08:00:00+00:00,9853.023948302201
2026-01-16 12:00:00+00:00,9853.023948302201
2026-01-16 16:00:00+00:00,9853.023948302201
2026-01-16 20:00:00+00:00,9853.023948302201
2026-01-17 00:00:00+00:00,9853.023948302201
2026-01-17 04:00:00+00:00,9853.023948302201
2026-01-17 08:00:00+00:00,9853.023948302201
2026-01-17 12:00:00+00:00,9853.023948302201
2026-01-17 16:00:00+00:00,9853.023948302201
2026-01-17 20:00:00+00:00,9853.023948302201
2026-01-18 00:00:00+00:00,9853.023948302201
2026-01-18 04:00:00+00:00,9853.023948302201
2026-01-18 08:00:00+00:00,9853.023948302201
2026-01-18 12:00:00+00:00,9853.023948302201
2026-01-18 16:00:00+00:00,9853.023948302201
2026-01-18 20:00:00+00:00,9853.023948302201
2026-01-19 00:00:00+00:00,9848.341420662939
2026-01-19 04:00:00+00:00,9833.031403957215
2026-01-19 08:00:00+00:00,9797.634378597988
2026-01-19 12:00:00+00:00,9810.096184580198
2026-01-19 16:00:00+00:00,9806.334606529948
2026-01-19 20:00:00+00:00,9854.311650235573
2026-01-20 00:00:00+00:00,9874.122830039298
2026-01-20 04:00:00+00:00,9997.828359938803
2026-01-20 08:00:00+00:00,9997.828359938803
2026-01-20 12:00:00+00:00,9997.828359938803
2026-01-20 16:00:00+00:00,9997.828359938803
2026-01-20 20:00:00+00:00,9997.828359938803
2026-01-21 00:00:00+00:00,9997.828359938803
2026-01-21 04:00:00+00:00,9997.828359938803
2026-01-21 08:00:00+00:00,9997.828359938803
2026-01-21 12:00:00+00:00,9997.828359938803
2026-01-21 16:00:00+00:00,9997.828359938803
2026-01-21 20:00:00+00:00,9997.828359938803
2026-01-22 00:00:00+00:00,9997.828359938803
2026-01-22 04:00:00+00:00,9997.828359938803
2026-01-22 08:00:00+00:00,9997.828359938803
2026-01-22 12:00:00+00:00,9997.828359938803
2026-01-22 16:00:00+00:00,9997.828359938803
2026-01-22 20:00:00+00:00,9997.828359938803
2026-01-23 00:00:00+00:00,9997.828359938803
2026-01-23 04:00:00+00:00,9997.828359938803
2026-01-23 08:00:00+00:00,9997.828359938803
2026-01-23 12:00:00+00:00,9997.828359938803
2026-01-23 16:00:00+00:00,9997.828359938803
2026-01-23 20:00:00+00:00,9997.828359938803
2026-01-24 00:00:00+00:00,9997.828359938803
2026-01-24 04:00:00+00:00,9997.828359938803
2026-01-24 08:00:00+00:00,9997.828359938803
2026-01-24 12:00:00+00:00,9997.828359938803
2026-01-24 16:00:00+00:00,9997.828359938803
2026-01-24 20:00:00+00:00,9997.828359938803
2026-01-25 00:00:00+00:00,9997.828359938803
2026-01-25 04:00:00+00:00,9997.828359938803
2026-01-25 08:00:00+00:00,9997.828359938803
2026-01-25 12:00:00+00:00,9997.828359938803
2026-01-25 16:00:00+00:00,9997.828359938803
2026-01-25 20:00:00+00:00,9997.828359938803
2026-01-26 00:00:00+00:00,9997.828359938803
2026-01-26 04:00:00+00:00,9997.828359938803
2026-01-26 08:00:00+00:00,9997.828359938803
2026-01-26 12:00:00+00:00,9997.828359938803
2026-01-26 16:00:00+00:00,9997.828359938803
2026-01-26 20:00:00+00:00,9997.828359938803
2026-01-27 00:00:00+00:00,9997.828359938803
2026-01-27 04:00:00+00:00,9997.828359938803
2026-01-27 08:00:00+00:00,9997.828359938803
2026-01-27 12:00:00+00:00,9997.828359938803
2026-01-27 16:00:00+00:00,9997.828359938803
2026-01-27 20:00:00+00:00,9997.828359938803
2026-01-28 00:00:00+00:00,9997.828359938803
2026-01-28 04:00:00+00:00,9997.828359938803
2026-01-28 08:00:00+00:00,9993.08176476542
2026-01-28 12:00:00+00:00,9874.003259797331
2026-01-28 16:00:00+00:00,9874.003259797331
2026-01-28 20:00:00+00:00,9874.003259797331
2026-01-29 00:00:00+00:00,9874.003259797331
2026-01-29 04:00:00+00:00,9874.003259797331
2026-01-29 08:00:00+00:00,9874.003259797331
2026-01-29 12:00:00+00:00,9869.31076200003
2026-01-29 16:00:00+00:00,9971.179498327618
2026-01-29 20:00:00+00:00,9900.676578070957
2026-01-30 00:00:00+00:00,10120.610364450187
2026-01-30 04:00:00+00:00,10120.610364450187
2026-01-30 08:00:00+00:00,10120.610364450187
2026-01-30 12:00:00+00:00,10120.610364450187
2026-01-30 16:00:00+00:00,10120.610364450187
2026-01-30 20:00:00+00:00,10120.610364450187
2026-01-31 00:00:00+00:00,10120.610364450187
2026-01-31 04:00:00+00:00,10120.610364450187
2026-01-31 08:00:00+00:00,10120.610364450187
2026-01-31 12:00:00+00:00,10120.610364450187
2026-01-31 16:00:00+00:00,10120.610364450187
2026-01-31 20:00:00+00:00,10120.610364450187
2026-02-01 00:00:00+00:00,10120.610364450187
2026-02-01 04:00:00+00:00,10120.610364450187
2026-02-01 08:00:00+00:00,10120.610364450187
2026-02-01 12:00:00+00:00,10120.610364450187
2026-02-01 16:00:00+00:00,10120.610364450187
2026-02-01 20:00:00+00:00,10120.610364450187
2026-02-02 00:00:00+00:00,10120.610364450187
2026-02-02 04:00:00+00:00,10120.610364450187
2026-02-02 08:00:00+00:00,10120.610364450187
2026-02-02 12:00:00+00:00,10120.610364450187
2026-02-02 16:00:00+00:00,10120.610364450187
2026-02-02 20:00:00+00:00,10120.610364450187
2026-02-03 00:00:00+00:00,10120.610364450187
2026-02-03 04:00:00+00:00,10120.610364450187
2026-02-03 08:00:00+00:00,10120.610364450187
2026-02-03 12:00:00+00:00,10120.610364450187
2026-02-03 16:00:00+00:00,10120.610364450187
2026-02-03 20:00:00+00:00,10120.610364450187
2026-02-04 00:00:00+00:00,10120.610364450187
2026-02-04 04:00:00+00:00,10120.610364450187
2026-02-04 08:00:00+00:00,10120.610364450187
2026-02-04 12:00:00+00:00,10120.610364450187
2026-02-04 16:00:00+00:00,10120.610364450187
2026-02-04 20:00:00+00:00,10120.610364450187
2026-02-05 00:00:00+00:00,10120.610364450187
2026-02-05 04:00:00+00:00,10120.610364450187
2026-02-05 08:00:00+00:00,10120.610364450187
2026-02-05 12:00:00+00:00,10120.610364450187
2026-02-05 16:00:00+00:00,10120.610364450187
2026-02-05 20:00:00+00:00,10120.610364450187
2026-02-06 00:00:00+00:00,10120.610364450187
2026-02-06 04:00:00+00:00,10120.610364450187
2026-02-06 08:00:00+00:00,10120.610364450187
2026-02-06 12:00:00+00:00,10120.610364450187
2026-02-06 16:00:00+00:00,10120.610364450187
2026-02-06 20:00:00+00:00,10120.610364450187
2026-02-07 00:00:00+00:00,10120.610364450187
2026-02-07 04:00:00+00:00,10120.610364450187
2026-02-07 08:00:00+00:00,10120.610364450187
2026-02-07 12:00:00+00:00,10120.610364450187
2026-02-07 16:00:00+00:00,10120.610364450187
2026-02-07 20:00:00+00:00,10120.610364450187
2026-02-08 00:00:00+00:00,10120.610364450187
2026-02-08 04:00:00+00:00,10120.610364450187
2026-02-08 08:00:00+00:00,10120.610364450187
2026-02-08 12:00:00+00:00,10120.610364450187
2026-02-08 16:00:00+00:00,10120.610364450187
2026-02-08 20:00:00+00:00,10120.610364450187
2026-02-09 00:00:00+00:00,10120.610364450187
2026-02-09 04:00:00+00:00,10120.610364450187
2026-02-09 08:00:00+00:00,10120.610364450187
2026-02-09 12:00:00+00:00,10120.610364450187
2026-02-09 16:00:00+00:00,10120.610364450187
2026-02-09 20:00:00+00:00,10120.610364450187
2026-02-10 00:00:00+00:00,10120.610364450187
2026-02-10 04:00:00+00:00,10120.610364450187
2026-02-10 08:00:00+00:00,10120.610364450187
2026-02-10 12:00:00+00:00,10120.610364450187
2026-02-10 16:00:00+00:00,10120.610364450187
2026-02-10 20:00:00+00:00,10120.610364450187
2026-02-11 00:00:00+00:00,10120.610364450187
2026-02-11 04:00:00+00:00,10120.610364450187
2026-02-11 08:00:00+00:00,10120.610364450187
2026-02-11 12:00:00+00:00,10120.610364450187
2026-02-11 16:00:00+00:00,10120.610364450187
2026-02-11 20:00:00+00:00,10120.610364450187
2026-02-12 00:00:00+00:00,10120.610364450187
2026-02-12 04:00:00+00:00,10120.610364450187
2026-02-12 08:00:00+00:00,10120.610364450187
2026-02-12 12:00:00+00:00,10120.610364450187
2026-02-12 16:00:00+00:00,10120.610364450187
2026-02-12 20:00:00+00:00,10120.610364450187
2026-02-13 00:00:00+00:00,10120.610364450187
2026-02-13 04:00:00+00:00,10120.610364450187
2026-02-13 08:00:00+00:00,10120.610364450187
2026-02-13 12:00:00+00:00,10120.610364450187
2026-02-13 16:00:00+00:00,10120.610364450187
2026-02-13 20:00:00+00:00,10120.610364450187
2026-02-14 00:00:00+00:00,10120.610364450187
2026-02-14 04:00:00+00:00,10120.610364450187
2026-02-14 08:00:00+00:00,10120.610364450187
2026-02-14 12:00:00+00:00,10120.610364450187
2026-02-14 16:00:00+00:00,10120.610364450187
2026-02-14 20:00:00+00:00,10120.610364450187
2026-02-15 00:00:00+00:00,10120.610364450187
2026-02-15 04:00:00+00:00,10120.610364450187
2026-02-15 08:00:00+00:00,10120.610364450187
2026-02-15 12:00:00+00:00,10120.610364450187
2026-02-15 16:00:00+00:00,10120.610364450187
2026-02-15 20:00:00+00:00,10120.610364450187
2026-02-16 00:00:00+00:00,10120.610364450187
2026-02-16 04:00:00+00:00,10120.610364450187
2026-02-16 08:00:00+00:00,10120.610364450187
2026-02-16 12:00:00+00:00,10120.610364450187
2026-02-16 16:00:00+00:00,10120.610364450187
2026-02-16 20:00:00+00:00,10120.610364450187
2026-02-17 00:00:00+00:00,10120.610364450187
2026-02-17 04:00:00+00:00,10120.610364450187
2026-02-17 08:00:00+00:00,10120.610364450187
2026-02-17 12:00:00+00:00,10120.610364450187
2026-02-17 16:00:00+00:00,10120.610364450187
2026-02-17 20:00:00+00:00,10120.610364450187
2026-02-18 00:00:00+00:00,10120.610364450187
2026-02-18 04:00:00+00:00,10120.610364450187
2026-02-18 08:00:00+00:00,10120.610364450187
2026-02-18 12:00:00+00:00,10120.610364450187
2026-02-18 16:00:00+00:00,10120.610364450187
2026-02-18 20:00:00+00:00,10120.610364450187
2026-02-19 00:00:00+00:00,10120.610364450187
2026-02-19 04:00:00+00:00,10120.610364450187
2026-02-19 08:00:00+00:00,10120.610364450187
2026-02-19 12:00:00+00:00,10120.610364450187
2026-02-19 16:00:00+00:00,10120.610364450187
2026-02-19 20:00:00+00:00,10120.610364450187
2026-02-20 00:00:00+00:00,10120.610364450187
2026-02-20 04:00:00+00:00,10120.610364450187
2026-02-20 08:00:00+00:00,10120.610364450187
2026-02-20 12:00:00+00:00,10120.610364450187
2026-02-20 16:00:00+00:00,10120.610364450187
2026-02-20 20:00:00+00:00,10120.610364450187
2026-02-21 00:00:00+00:00,10120.610364450187
2026-02-21 04:00:00+00:00,10120.610364450187
2026-02-21 08:00:00+00:00,10120.610364450187
2026-02-21 12:00:00+00:00,10120.610364450187
2026-02-21 16:00:00+00:00,10120.610364450187
2026-02-21 20:00:00+00:00,10120.610364450187
2026-02-22 00:00:00+00:00,10120.610364450187
2026-02-22 04:00:00+00:00,10120.610364450187
2026-02-22 08:00:00+00:00,10120.610364450187
2026-02-22 12:00:00+00:00,10120.610364450187
2026-02-22 16:00:00+00:00,10120.610364450187
2026-02-22 20:00:00+00:00,10120.610364450187
2026-02-23 00:00:00+00:00,10120.610364450187
2026-02-23 04:00:00+00:00,10120.610364450187
2026-02-23 08:00:00+00:00,10120.610364450187
2026-02-23 12:00:00+00:00,10120.610364450187
2026-02-23 16:00:00+00:00,10120.610364450187
2026-02-23 20:00:00+00:00,10120.610364450187
2026-02-24 00:00:00+00:00,10120.610364450187
2026-02-24 04:00:00+00:00,10120.610364450187
2026-02-24 08:00:00+00:00,10120.610364450187
2026-02-24 12:00:00+00:00,10120.610364450187
2026-02-24 16:00:00+00:00,10120.610364450187
2026-02-24 20:00:00+00:00,10120.610364450187
2026-02-25 00:00:00+00:00,10120.610364450187
2026-02-25 04:00:00+00:00,10120.610364450187
2026-02-25 08:00:00+00:00,10120.610364450187
2026-02-25 12:00:00+00:00,10115.805476970814
2026-02-25 16:00:00+00:00,10347.585351641776
2026-02-25 20:00:00+00:00,10430.088399106095
2026-02-26 00:00:00+00:00,10430.088399106095
2026-02-26 04:00:00+00:00,10430.088399106095
2026-02-26 08:00:00+00:00,10430.088399106095
2026-02-26 12:00:00+00:00,10430.088399106095
2026-02-26 16:00:00+00:00,10430.088399106095
2026-02-26 20:00:00+00:00,10430.088399106095
2026-02-27 00:00:00+00:00,10430.088399106095
2026-02-27 04:00:00+00:00,10430.088399106095
2026-02-27 08:00:00+00:00,10430.088399106095
2026-02-27 12:00:00+00:00,10430.088399106095
2026-02-27 16:00:00+00:00,10430.088399106095
2026-02-27 20:00:00+00:00,10430.088399106095
2026-02-28 00:00:00+00:00,10430.088399106095
2026-02-28 04:00:00+00:00,10425.131628731333
2026-02-28 08:00:00+00:00,10422.304780085933
2026-02-28 12:00:00+00:00,10212.126931170274
2026-02-28 16:00:00+00:00,10212.126931170274
2026-02-28 20:00:00+00:00,10212.126931170274
2026-03-01 00:00:00+00:00,10212.126931170274
2026-03-01 04:00:00+00:00,10212.126931170274
2026-03-01 08:00:00+00:00,10212.126931170274
2026-03-01 12:00:00+00:00,10212.126931170274
2026-03-01 16:00:00+00:00,10212.126931170274
2026-03-01 20:00:00+00:00,10212.126931170274
2026-03-02 00:00:00+00:00,10212.126931170274
2026-03-02 04:00:00+00:00,10212.126931170274
2026-03-02 08:00:00+00:00,10212.126931170274
2026-03-02 12:00:00+00:00,10207.278595046031
2026-03-02 16:00:00+00:00,10184.321127153418
2026-03-02 20:00:00+00:00,10165.17891634322
2026-03-03 00:00:00+00:00,10101.76148869241
2026-03-03 04:00:00+00:00,10072.987156417155
2026-03-03 08:00:00+00:00,9972.935591983503
2026-03-03 12:00:00+00:00,9972.935591983503
2026-03-03 16:00:00+00:00,9972.935591983503
2026-03-03 20:00:00+00:00,9972.935591983503
2026-03-04 00:00:00+00:00,9972.935591983503
2026-03-04 04:00:00+00:00,9972.935591983503
2026-03-04 08:00:00+00:00,9972.935591983503
2026-03-04 12:00:00+00:00,9972.935591983503
2026-03-04 16:00:00+00:00,9972.935591983503
2026-03-04 20:00:00+00:00,9972.935591983503
2026-03-05 00:00:00+00:00,9972.935591983503
2026-03-05 04:00:00+00:00,9972.935591983503
2026-03-05 08:00:00+00:00,9972.935591983503
2026-03-05 12:00:00+00:00,9972.935591983503
2026-03-05 16:00:00+00:00,9972.935591983503
2026-03-05 20:00:00+00:00,9972.935591983503
2026-03-06 00:00:00+00:00,9972.935591983503
2026-03-06 04:00:00+00:00,9972.935591983503
2026-03-06 08:00:00+00:00,9972.935591983503
2026-03-06 12:00:00+00:00,9972.935591983503
2026-03-06 16:00:00+00:00,9972.935591983503
2026-03-06 20:00:00+00:00,9972.935591983503
2026-03-07 00:00:00+00:00,9972.935591983503
2026-03-07 04:00:00+00:00,9972.935591983503
2026-03-07 08:00:00+00:00,9972.935591983503
2026-03-07 12:00:00+00:00,9972.935591983503
2026-03-07 16:00:00+00:00,9972.935591983503
2026-03-07 20:00:00+00:00,9972.935591983503
2026-03-08 00:00:00+00:00,9972.935591983503
2026-03-08 04:00:00+00:00,9972.935591983503
2026-03-08 08:00:00+00:00,9972.935591983503
2026-03-08 12:00:00+00:00,9972.935591983503
2026-03-08 16:00:00+00:00,9972.935591983503
2026-03-08 20:00:00+00:00,9968.19607782023
2026-03-09 00:00:00+00:00,9791.548873538477
2026-03-09 04:00:00+00:00,9791.548873538477
2026-03-09 08:00:00+00:00,9791.548873538477
2026-03-09 12:00:00+00:00,9791.548873538477
2026-03-09 16:00:00+00:00,9791.548873538477
2026-03-09 20:00:00+00:00,9791.548873538477
2026-03-10 00:00:00+00:00,9791.548873538477
2026-03-10 04:00:00+00:00,9786.900212154238
2026-03-10 08:00:00+00:00,9810.000238301009
2026-03-10 12:00:00+00:00,9911.04981246228
2026-03-10 16:00:00+00:00,9739.046856668809
2026-03-10 20:00:00+00:00,9726.501824461964
2026-03-11 00:00:00+00:00,9674.113769966187
2026-03-11 04:00:00+00:00,9686.841035272455
2026-03-11 08:00:00+00:00,9605.528314563926
2026-03-11 12:00:00+00:00,9605.528314563926
2026-03-11 16:00:00+00:00,9605.528314563926
2026-03-11 20:00:00+00:00,9605.528314563926
2026-03-12 00:00:00+00:00,9605.528314563926
2026-03-12 04:00:00+00:00,9605.528314563926
2026-03-12 08:00:00+00:00,9605.528314563926
2026-03-12 12:00:00+00:00,9605.528314563926
2026-03-12 16:00:00+00:00,9605.528314563926
2026-03-12 20:00:00+00:00,9605.528314563926
2026-03-13 00:00:00+00:00,9605.528314563926
2026-03-13 04:00:00+00:00,9605.528314563926
2026-03-13 08:00:00+00:00,9605.528314563926
2026-03-13 12:00:00+00:00,9605.528314563926
2026-03-13 16:00:00+00:00,9605.528314563926
2026-03-13 20:00:00+00:00,9605.528314563926
2026-03-14 00:00:00+00:00,9605.528314563926
2026-03-14 04:00:00+00:00,9605.528314563926
2026-03-14 08:00:00+00:00,9605.528314563926
2026-03-14 12:00:00+00:00,9605.528314563926
2026-03-14 16:00:00+00:00,9605.528314563926
2026-03-14 20:00:00+00:00,9605.528314563926
2026-03-15 00:00:00+00:00,9605.528314563926
2026-03-15 04:00:00+00:00,9605.528314563926
2026-03-15 08:00:00+00:00,9605.528314563926
2026-03-15 12:00:00+00:00,9605.528314563926
2026-03-15 16:00:00+00:00,9605.528314563926
2026-03-15 20:00:00+00:00,9605.528314563926
2026-03-16 00:00:00+00:00,9605.528314563926
2026-03-16 04:00:00+00:00,9605.528314563926
2026-03-16 08:00:00+00:00,9605.528314563926
2026-03-16 12:00:00+00:00,9605.528314563926
2026-03-16 16:00:00+00:00,9605.528314563926
2026-03-16 20:00:00+00:00,9605.528314563926
2026-03-17 00:00:00+00:00,9605.528314563926
2026-03-17 04:00:00+00:00,9605.528314563926
2026-03-17 08:00:00+00:00,9605.528314563926
2026-03-17 12:00:00+00:00,9605.528314563926
2026-03-17 16:00:00+00:00,9605.528314563926
2026-03-17 20:00:00+00:00,9605.528314563926
2026-03-18 00:00:00+00:00,9605.528314563926
2026-03-18 04:00:00+00:00,9605.528314563926
2026-03-18 08:00:00+00:00,9605.528314563926
2026-03-18 12:00:00+00:00,9605.528314563926
2026-03-18 16:00:00+00:00,9605.528314563926
2026-03-18 20:00:00+00:00,9605.528314563926
2026-03-19 00:00:00+00:00,9605.528314563926
2026-03-19 04:00:00+00:00,9600.963406160306
2026-03-19 08:00:00+00:00,9631.974869898295
2026-03-19 12:00:00+00:00,9702.244281733758
2026-03-19 16:00:00+00:00,9590.451089662929
2026-03-19 20:00:00+00:00,9634.933979033598
2026-03-20 00:00:00+00:00,9530.887799714365
2026-03-20 04:00:00+00:00,9514.66277670171
2026-03-20 08:00:00+00:00,9431.877183941999
2026-03-20 12:00:00+00:00,9431.877183941999
2026-03-20 16:00:00+00:00,9431.877183941999
2026-03-20 20:00:00+00:00,9431.877183941999
2026-03-21 00:00:00+00:00,9431.877183941999
2026-03-21 04:00:00+00:00,9431.877183941999
2026-03-21 08:00:00+00:00,9431.877183941999
2026-03-21 12:00:00+00:00,9431.877183941999
2026-03-21 16:00:00+00:00,9431.877183941999
2026-03-21 20:00:00+00:00,9431.877183941999
2026-03-22 00:00:00+00:00,9431.877183941999
2026-03-22 04:00:00+00:00,9431.877183941999
2026-03-22 08:00:00+00:00,9431.877183941999
2026-03-22 12:00:00+00:00,9431.877183941999
2026-03-22 16:00:00+00:00,9431.877183941999
2026-03-22 20:00:00+00:00,9431.877183941999
2026-03-23 00:00:00+00:00,9431.877183941999
2026-03-23 04:00:00+00:00,9431.877183941999
2026-03-23 08:00:00+00:00,9431.877183941999
2026-03-23 12:00:00+00:00,9431.877183941999
2026-03-23 16:00:00+00:00,9431.877183941999
2026-03-23 20:00:00+00:00,9431.877183941999
2026-03-24 00:00:00+00:00,9431.877183941999
2026-03-24 04:00:00+00:00,9431.877183941999
2026-03-24 08:00:00+00:00,9431.877183941999
2026-03-24 12:00:00+00:00,9431.877183941999
2026-03-24 16:00:00+00:00,9431.877183941999
2026-03-24 20:00:00+00:00,9431.877183941999
2026-03-25 00:00:00+00:00,9431.877183941999
2026-03-25 04:00:00+00:00,9431.877183941999
2026-03-25 08:00:00+00:00,9427.399281230983
2026-03-25 12:00:00+00:00,9269.312133400112
2026-03-25 16:00:00+00:00,9269.312133400112
2026-03-25 20:00:00+00:00,9269.312133400112
2026-03-26 00:00:00+00:00,9269.312133400112
2026-03-26 04:00:00+00:00,9269.312133400112
2026-03-26 08:00:00+00:00,9269.312133400112
2026-03-26 12:00:00+00:00,9269.312133400112
2026-03-26 16:00:00+00:00,9269.312133400112
2026-03-26 20:00:00+00:00,9269.312133400112
2026-03-27 00:00:00+00:00,9269.312133400112
2026-03-27 04:00:00+00:00,9269.312133400112
2026-03-27 08:00:00+00:00,9264.907007573835
2026-03-27 12:00:00+00:00,9342.830237534296
2026-03-27 16:00:00+00:00,9352.361290951387
2026-03-27 20:00:00+00:00,9303.937305311505
2026-03-28 00:00:00+00:00,9326.032020051125
2026-03-28 04:00:00+00:00,9283.57022608596
2026-03-28 08:00:00+00:00,9315.535445563095
2026-03-28 12:00:00+00:00,9223.680182420332
2026-03-28 16:00:00+00:00,9236.67575262138
2026-03-28 20:00:00+00:00,9307.932792643365
2026-03-29 00:00:00+00:00,9237.272764282206
2026-03-29 04:00:00+00:00,9269.104580711239
2026-03-29 08:00:00+00:00,9249.915674940245
2026-03-29 12:00:00+00:00,9288.652750136536
2026-03-29 16:00:00+00:00,9311.685248679669
2026-03-29 20:00:00+00:00,9356.288095525808
2026-03-30 00:00:00+00:00,9202.693637555565
2026-03-30 04:00:00+00:00,9097.978687820789
2026-03-30 08:00:00+00:00,9097.978687820789
2026-03-30 12:00:00+00:00,9097.978687820789
2026-03-30 16:00:00+00:00,9097.978687820789
2026-03-30 20:00:00+00:00,9097.978687820789
2026-03-31 00:00:00+00:00,9097.978687820789
2026-03-31 04:00:00+00:00,9097.978687820789
2026-03-31 08:00:00+00:00,9097.978687820789
2026-03-31 12:00:00+00:00,9097.978687820789
2026-03-31 16:00:00+00:00,9097.978687820789
2026-03-31 20:00:00+00:00,9097.978687820789
2026-04-01 00:00:00+00:00,9097.978687820789
2026-04-01 04:00:00+00:00,9097.978687820789
2026-04-01 08:00:00+00:00,9097.978687820789
2026-04-01 12:00:00+00:00,9097.978687820789
2026-04-01 16:00:00+00:00,9097.978687820789
2026-04-01 20:00:00+00:00,9097.978687820789
2026-04-02 00:00:00+00:00,9097.978687820789
2026-04-02 04:00:00+00:00,9097.978687820789
2026-04-02 08:00:00+00:00,9097.978687820789
2026-04-02 12:00:00+00:00,9097.978687820789
2026-04-02 16:00:00+00:00,9097.978687820789
2026-04-02 20:00:00+00:00,9097.978687820789
2026-04-03 00:00:00+00:00,9097.978687820789
2026-04-03 04:00:00+00:00,9097.978687820789
2026-04-03 08:00:00+00:00,9097.978687820789
2026-04-03 12:00:00+00:00,9097.978687820789
2026-04-03 16:00:00+00:00,9097.978687820789
2026-04-03 20:00:00+00:00,9097.978687820789
2026-04-04 00:00:00+00:00,9097.978687820789
2026-04-04 04:00:00+00:00,9097.978687820789
2026-04-04 08:00:00+00:00,9097.978687820789
2026-04-04 12:00:00+00:00,9097.978687820789
2026-04-04 16:00:00+00:00,9097.978687820789
2026-04-04 20:00:00+00:00,9097.978687820789
2026-04-05 00:00:00+00:00,9097.978687820789
2026-04-05 04:00:00+00:00,9097.978687820789
2026-04-05 08:00:00+00:00,9097.978687820789
2026-04-05 12:00:00+00:00,9097.978687820789
2026-04-05 16:00:00+00:00,9097.978687820789
2026-04-05 20:00:00+00:00,9097.978687820789
2026-04-06 00:00:00+00:00,9093.659307634169
2026-04-06 04:00:00+00:00,9092.686999071015
2026-04-06 08:00:00+00:00,9155.049720538116
2026-04-06 12:00:00+00:00,9199.28601089983
2026-04-06 16:00:00+00:00,9170.624154103707
2026-04-06 20:00:00+00:00,8986.69487541135
2026-04-07 00:00:00+00:00,8986.69487541135
2026-04-07 04:00:00+00:00,8986.69487541135
2026-04-07 08:00:00+00:00,8986.69487541135
2026-04-07 12:00:00+00:00,8986.69487541135
2026-04-07 16:00:00+00:00,8986.69487541135
2026-04-07 20:00:00+00:00,8986.69487541135
2026-04-08 00:00:00+00:00,8986.69487541135
2026-04-08 04:00:00+00:00,8986.69487541135
2026-04-08 08:00:00+00:00,8986.69487541135
2026-04-08 12:00:00+00:00,8986.69487541135
2026-04-08 16:00:00+00:00,8986.69487541135
2026-04-08 20:00:00+00:00,8986.69487541135
2026-04-09 00:00:00+00:00,8986.69487541135
2026-04-09 04:00:00+00:00,8986.69487541135
2026-04-09 08:00:00+00:00,8986.69487541135
2026-04-09 12:00:00+00:00,8986.69487541135
2026-04-09 16:00:00+00:00,8986.69487541135
2026-04-09 20:00:00+00:00,8986.69487541135
2026-04-10 00:00:00+00:00,8986.69487541135
2026-04-10 04:00:00+00:00,8986.69487541135
2026-04-10 08:00:00+00:00,8986.69487541135
2026-04-10 12:00:00+00:00,8986.69487541135
2026-04-10 16:00:00+00:00,8986.69487541135
2026-04-10 20:00:00+00:00,8986.69487541135
2026-04-11 00:00:00+00:00,8986.69487541135
2026-04-11 04:00:00+00:00,8986.69487541135
2026-04-11 08:00:00+00:00,8986.69487541135
2026-04-11 12:00:00+00:00,8986.69487541135
2026-04-11 16:00:00+00:00,8986.69487541135
2026-04-11 20:00:00+00:00,8986.69487541135
2026-04-12 00:00:00+00:00,8986.69487541135
2026-04-12 04:00:00+00:00,8986.69487541135
2026-04-12 08:00:00+00:00,8986.69487541135
2026-04-12 12:00:00+00:00,8986.69487541135
2026-04-12 16:00:00+00:00,8986.69487541135
2026-04-12 20:00:00+00:00,8986.69487541135
2026-04-13 00:00:00+00:00,8986.69487541135
2026-04-13 04:00:00+00:00,8986.69487541135
2026-04-13 08:00:00+00:00,8986.69487541135
2026-04-13 12:00:00+00:00,8986.69487541135
2026-04-13 16:00:00+00:00,8986.69487541135
2026-04-13 20:00:00+00:00,8986.69487541135
2026-04-14 00:00:00+00:00,8986.69487541135
2026-04-14 04:00:00+00:00,8986.69487541135
2026-04-14 08:00:00+00:00,8986.69487541135
2026-04-14 12:00:00+00:00,8986.69487541135
2026-04-14 16:00:00+00:00,8986.69487541135
2026-04-14 20:00:00+00:00,8986.69487541135
2026-04-15 00:00:00+00:00,8986.69487541135
2026-04-15 04:00:00+00:00,8986.69487541135
2026-04-15 08:00:00+00:00,8986.69487541135
2026-04-15 12:00:00+00:00,8986.69487541135
2026-04-15 16:00:00+00:00,8986.69487541135
2026-04-15 20:00:00+00:00,8986.69487541135
2026-04-16 00:00:00+00:00,8986.69487541135
2026-04-16 04:00:00+00:00,8986.69487541135
2026-04-16 08:00:00+00:00,8986.69487541135
2026-04-16 12:00:00+00:00,8986.69487541135
2026-04-16 16:00:00+00:00,8986.69487541135
2026-04-16 20:00:00+00:00,8986.69487541135
2026-04-17 00:00:00+00:00,8986.69487541135
2026-04-17 04:00:00+00:00,8986.69487541135
2026-04-17 08:00:00+00:00,8986.69487541135
2026-04-17 12:00:00+00:00,8986.69487541135
2026-04-17 16:00:00+00:00,8986.69487541135
2026-04-17 20:00:00+00:00,8986.69487541135
